Date,Jurisdiction,C1_School closing,C1_Flag,C2_Workplace closing,C2_Flag,C3_Cancel public events,C3_Flag,C4_Restrictions on gatherings,C4_Flag,C5_Close public transport,C5_Flag,C6_Stay at home requirements,C6_Flag,C7_Restrictions on internal movement,C7_Flag,C8_International travel controls,E1_Income support,E1_Flag,E2_Debt/contract relief,E3_Fiscal measures,E4_International support,H1_Public information campaigns,H1_Flag,H2_Testing policy,H3_Contact tracing,H4_Emergency investment in healthcare,H5_Investment in vaccines,H6_Facial Coverings,H6_Flag,M1_Wildcard,ConfirmedCases,ConfirmedDeaths,StringencyIndex,StringencyIndexForDisplay,StringencyLegacyIndex,StringencyLegacyIndexForDisplay,GovernmentResponseIndex,GovernmentResponseIndexForDisplay,ContainmentHealthIndex,ContainmentHealthIndexForDisplay,EconomicSupportIndex,EconomicSupportIndexForDisplay
20200101,NAT_TOTAL,0.0,,0.0,,0.0,,0.0,,0.0,,0.0,,0.0,,0.0,0.0,,0.0,0.0,0.0,0.0,,0.0,0.0,0.0,0.0,0.0,,,,,0.0,0.0,0.0,0.0,0.0,0.0,0.0,0.0,0.0,0.0
20200102,NAT_TOTAL,0.0,,0.0,,0.0,,0.0,,0.0,,0.0,,0.0,,0.0,0.0,,0.0,0.0,0.0,0.0,,0.0,0.0,0.0,0.0,0.0,,,,,0.0,0.0,0.0,0.0,0.0,0.0,0.0,0.0,0.0,0.0
20200103,NAT_TOTAL,0.0,,0.0,,0.0,,0.0,,0.0,,0.0,,0.0,,0.0,0.0,,0.0,0.0,0.0,0.0,,0.0,0.0,0.0,0.0,0.0,,,,,0.0,0.0,0.0,0.0,0.0,0.0,0.0,0.0,0.0,0.0
20200104,NAT_TOTAL,0.0,,0.0,,0.0,,0.0,,0.0,,0.0,,0.0,,0.0,0.0,,0.0,0.0,0.0,0.0,,0.0,0.0,0.0,0.0,0.0,,,,,0.0,0.0,0.0,0.0,0.0,0.0,0.0,0.0,0.0,0.0
20200105,NAT_TOTAL,0.0,,0.0,,0.0,,0.0,,0.0,,0.0,,0.0,,0.0,0.0,,0.0,0.0,0.0,0.0,,0.0,0.0,0.0,0.0,0.0,,,,,0.0,0.0,0.0,0.0,0.0,0.0,0.0,0.0,0.0,0.0
20200106,NAT_TOTAL,0.0,,0.0,,0.0,,0.0,,0.0,,0.0,,0.0,,0.0,0.0,,0.0,0.0,0.0,0.0,,0.0,0.0,0.0,0.0,0.0,,,,,0.0,0.0,0.0,0.0,0.0,0.0,0.0,0.0,0.0,0.0
20200107,NAT_TOTAL,0.0,,0.0,,0.0,,0.0,,0.0,,0.0,,0.0,,0.0,0.0,,0.0,0.0,0.0,0.0,,0.0,0.0,0.0,0.0,0.0,,,,,0.0,0.0,0.0,0.0,0.0,0.0,0.0,0.0,0.0,0.0
20200108,NAT_TOTAL,0.0,,0.0,,0.0,,0.0,,0.0,,0.0,,0.0,,0.0,0.0,,0.0,0.0,0.0,0.0,,0.0,0.0,0.0,0.0,0.0,,,,,0.0,0.0,0.0,0.0,0.0,0.0,0.0,0.0,0.0,0.0
20200109,NAT_TOTAL,0.0,,0.0,,0.0,,0.0,,0.0,,0.0,,0.0,,0.0,0.0,,0.0,0.0,0.0,0.0,,0.0,0.0,0.0,0.0,0.0,,,,,0.0,0.0,0.0,0.0,0.0,0.0,0.0,0.0,0.0,0.0
20200110,NAT_TOTAL,0.0,,0.0,,0.0,,0.0,,0.0,,0.0,,0.0,,0.0,0.0,,0.0,0.0,0.0,0.0,,0.0,0.0,0.0,0.0,0.0,,,,,0.0,0.0,0.0,0.0,0.0,0.0,0.0,0.0,0.0,0.0
20200111,NAT_TOTAL,0.0,,0.0,,0.0,,0.0,,0.0,,0.0,,0.0,,0.0,0.0,,0.0,0.0,0.0,0.0,,0.0,0.0,0.0,0.0,0.0,,,,,0.0,0.0,0.0,0.0,0.0,0.0,0.0,0.0,0.0,0.0
20200112,NAT_TOTAL,0.0,,0.0,,0.0,,0.0,,0.0,,0.0,,0.0,,0.0,0.0,,0.0,0.0,0.0,0.0,,0.0,0.0,0.0,0.0,0.0,,,,,0.0,0.0,0.0,0.0,0.0,0.0,0.0,0.0,0.0,0.0
20200113,NAT_TOTAL,0.0,,0.0,,0.0,,0.0,,0.0,,0.0,,0.0,,0.0,0.0,,0.0,0.0,0.0,0.0,,0.0,0.0,0.0,0.0,0.0,,,,,0.0,0.0,0.0,0.0,0.0,0.0,0.0,0.0,0.0,0.0
20200114,NAT_TOTAL,0.0,,0.0,,0.0,,0.0,,0.0,,0.0,,0.0,,0.0,0.0,,0.0,0.0,0.0,0.0,,0.0,0.0,0.0,0.0,0.0,,,,,0.0,0.0,0.0,0.0,0.0,0.0,0.0,0.0,0.0,0.0
20200115,NAT_TOTAL,0.0,,0.0,,0.0,,0.0,,0.0,,0.0,,0.0,,0.0,0.0,,0.0,0.0,0.0,0.0,,0.0,0.0,0.0,0.0,0.0,,,,,0.0,0.0,0.0,0.0,0.0,0.0,0.0,0.0,0.0,0.0
20200116,NAT_TOTAL,0.0,,0.0,,0.0,,0.0,,0.0,,0.0,,0.0,,0.0,0.0,,0.0,0.0,0.0,0.0,,0.0,0.0,0.0,0.0,0.0,,,,,0.0,0.0,0.0,0.0,0.0,0.0,0.0,0.0,0.0,0.0
20200117,NAT_TOTAL,0.0,,0.0,,0.0,,0.0,,0.0,,0.0,,0.0,,0.0,0.0,,0.0,0.0,0.0,0.0,,0.0,0.0,0.0,0.0,0.0,,,,,0.0,0.0,0.0,0.0,0.0,0.0,0.0,0.0,0.0,0.0
20200118,NAT_TOTAL,0.0,,0.0,,0.0,,0.0,,0.0,,0.0,,0.0,,0.0,0.0,,0.0,0.0,0.0,0.0,,0.0,0.0,0.0,0.0,0.0,,,,,0.0,0.0,0.0,0.0,0.0,0.0,0.0,0.0,0.0,0.0
20200119,NAT_TOTAL,0.0,,0.0,,0.0,,0.0,,0.0,,0.0,,0.0,,0.0,0.0,,0.0,0.0,0.0,0.0,,0.0,0.0,0.0,0.0,0.0,,,,,0.0,0.0,0.0,0.0,0.0,0.0,0.0,0.0,0.0,0.0
20200120,NAT_TOTAL,0.0,,0.0,,0.0,,0.0,,0.0,,0.0,,0.0,,0.0,0.0,,0.0,0.0,0.0,1.0,1.0,1.0,0.0,0.0,0.0,0.0,,,,,5.56,5.56,9.52,9.52,5.95,5.95,6.94,6.94,0.0,0.0
20200121,NAT_TOTAL,0.0,,0.0,,0.0,,0.0,,0.0,,0.0,,0.0,,0.0,0.0,,0.0,0.0,0.0,1.0,1.0,1.0,0.0,0.0,0.0,0.0,,,,,5.56,5.56,9.52,9.52,5.95,5.95,6.94,6.94,0.0,0.0
20200122,NAT_TOTAL,0.0,,0.0,,0.0,,0.0,,0.0,,0.0,,0.0,,0.0,0.0,,0.0,0.0,0.0,1.0,1.0,1.0,0.0,0.0,0.0,0.0,,,0.0,0.0,5.56,5.56,9.52,9.52,5.95,5.95,6.94,6.94,0.0,0.0
20200123,NAT_TOTAL,0.0,,0.0,,0.0,,0.0,,0.0,,0.0,,0.0,,0.0,0.0,,0.0,0.0,0.0,1.0,1.0,1.0,0.0,0.0,0.0,0.0,,,0.0,0.0,5.56,5.56,9.52,9.52,5.95,5.95,6.94,6.94,0.0,0.0
20200124,NAT_TOTAL,0.0,,0.0,,0.0,,0.0,,0.0,,0.0,,0.0,,0.0,0.0,,0.0,0.0,0.0,1.0,1.0,1.0,0.0,0.0,0.0,0.0,,,0.0,0.0,5.56,5.56,9.52,9.52,5.95,5.95,6.94,6.94,0.0,0.0
20200125,NAT_TOTAL,0.0,,0.0,,0.0,,0.0,,0.0,,0.0,,0.0,,0.0,0.0,,0.0,0.0,0.0,1.0,1.0,1.0,0.0,0.0,0.0,0.0,,,0.0,0.0,5.56,5.56,9.52,9.52,5.95,5.95,6.94,6.94,0.0,0.0
20200126,NAT_TOTAL,0.0,,0.0,,0.0,,0.0,,0.0,,0.0,,0.0,,0.0,0.0,,0.0,0.0,0.0,1.0,1.0,1.0,0.0,0.0,0.0,0.0,,,0.0,0.0,5.56,5.56,9.52,9.52,5.95,5.95,6.94,6.94,0.0,0.0
20200127,NAT_TOTAL,0.0,,0.0,,0.0,,0.0,,0.0,,0.0,,0.0,,0.0,0.0,,0.0,0.0,0.0,1.0,1.0,1.0,0.0,0.0,0.0,0.0,,,0.0,0.0,5.56,5.56,9.52,9.52,5.95,5.95,6.94,6.94,0.0,0.0
20200128,NAT_TOTAL,0.0,,0.0,,0.0,,0.0,,0.0,,0.0,,0.0,,0.0,0.0,,0.0,0.0,0.0,1.0,1.0,1.0,0.0,0.0,0.0,0.0,,,0.0,0.0,5.56,5.56,9.52,9.52,5.95,5.95,6.94,6.94,0.0,0.0
20200129,NAT_TOTAL,0.0,,0.0,,0.0,,0.0,,0.0,,0.0,,0.0,,0.0,0.0,,0.0,0.0,0.0,1.0,1.0,1.0,0.0,0.0,0.0,0.0,,,0.0,0.0,5.56,5.56,9.52,9.52,5.95,5.95,6.94,6.94,0.0,0.0
20200130,NAT_TOTAL,0.0,,0.0,,0.0,,0.0,,0.0,,0.0,,0.0,,0.0,0.0,,0.0,0.0,0.0,1.0,1.0,1.0,0.0,0.0,0.0,0.0,,,0.0,0.0,5.56,5.56,9.52,9.52,5.95,5.95,6.94,6.94,0.0,0.0
20200131,NAT_TOTAL,0.0,,0.0,,0.0,,0.0,,0.0,,0.0,,0.0,,0.0,0.0,,0.0,0.0,0.0,2.0,0.0,1.0,2.0,0.0,0.0,0.0,,,2.0,0.0,8.33,8.33,9.52,9.52,14.88,14.88,17.36,17.36,0.0,0.0
20200201,NAT_TOTAL,0.0,,0.0,,0.0,,0.0,,0.0,,0.0,,0.0,,0.0,0.0,,0.0,0.0,0.0,2.0,0.0,1.0,2.0,0.0,0.0,0.0,,,2.0,0.0,8.33,8.33,9.52,9.52,14.88,14.88,17.36,17.36,0.0,0.0
20200202,NAT_TOTAL,0.0,,0.0,,0.0,,0.0,,0.0,,0.0,,0.0,,0.0,0.0,,0.0,0.0,0.0,2.0,1.0,1.0,2.0,0.0,0.0,0.0,,,2.0,0.0,11.11,11.11,14.29,14.29,16.67,16.67,19.44,19.44,0.0,0.0
20200203,NAT_TOTAL,0.0,,0.0,,0.0,,0.0,,0.0,,0.0,,0.0,,0.0,0.0,,0.0,0.0,0.0,2.0,1.0,1.0,2.0,0.0,26014287.82,0.0,,,8.0,0.0,11.11,11.11,14.29,14.29,16.67,16.67,19.44,19.44,0.0,0.0
20200204,NAT_TOTAL,0.0,,0.0,,0.0,,0.0,,0.0,,0.0,,0.0,,0.0,0.0,,0.0,0.0,0.0,2.0,1.0,1.0,2.0,0.0,0.0,0.0,,,8.0,0.0,11.11,11.11,14.29,14.29,16.67,16.67,19.44,19.44,0.0,0.0
20200205,NAT_TOTAL,0.0,,0.0,,0.0,,0.0,,0.0,,0.0,,0.0,,0.0,0.0,,0.0,0.0,0.0,2.0,1.0,1.0,2.0,0.0,0.0,0.0,,,9.0,0.0,11.11,11.11,14.29,14.29,16.67,16.67,19.44,19.44,0.0,0.0
20200206,NAT_TOTAL,0.0,,0.0,,0.0,,0.0,,0.0,,0.0,,0.0,,0.0,0.0,,0.0,0.0,0.0,2.0,1.0,1.0,2.0,0.0,0.0,0.0,,,9.0,0.0,11.11,11.11,14.29,14.29,16.67,16.67,19.44,19.44,0.0,0.0
20200207,NAT_TOTAL,0.0,,0.0,,0.0,,0.0,,0.0,,0.0,,0.0,,0.0,0.0,,0.0,0.0,0.0,2.0,1.0,1.0,2.0,0.0,0.0,0.0,,,9.0,0.0,11.11,11.11,14.29,14.29,16.67,16.67,19.44,19.44,0.0,0.0
20200208,NAT_TOTAL,0.0,,0.0,,0.0,,0.0,,0.0,,0.0,,0.0,,0.0,0.0,,0.0,0.0,0.0,2.0,1.0,1.0,2.0,0.0,0.0,0.0,,,13.0,0.0,11.11,11.11,14.29,14.29,16.67,16.67,19.44,19.44,0.0,0.0
20200209,NAT_TOTAL,0.0,,0.0,,0.0,,0.0,,0.0,,0.0,,0.0,,0.0,0.0,,0.0,0.0,0.0,2.0,1.0,1.0,2.0,0.0,0.0,0.0,,,14.0,0.0,11.11,11.11,14.29,14.29,16.67,16.67,19.44,19.44,0.0,0.0
20200210,NAT_TOTAL,0.0,,0.0,,0.0,,0.0,,0.0,,0.0,,0.0,,0.0,0.0,,0.0,0.0,0.0,2.0,1.0,1.0,2.0,0.0,0.0,0.0,,,14.0,0.0,11.11,11.11,14.29,14.29,16.67,16.67,19.44,19.44,0.0,0.0
20200211,NAT_TOTAL,0.0,,0.0,,0.0,,0.0,,0.0,,0.0,,0.0,,0.0,0.0,,0.0,0.0,0.0,2.0,1.0,1.0,2.0,0.0,0.0,0.0,,,15.0,0.0,11.11,11.11,14.29,14.29,16.67,16.67,19.44,19.44,0.0,0.0
20200212,NAT_TOTAL,0.0,,0.0,,0.0,,0.0,,0.0,,0.0,,0.0,,0.0,0.0,,0.0,0.0,0.0,2.0,1.0,1.0,2.0,0.0,0.0,0.0,,,16.0,0.0,11.11,11.11,14.29,14.29,16.67,16.67,19.44,19.44,0.0,0.0
20200213,NAT_TOTAL,0.0,,0.0,,0.0,,0.0,,0.0,,0.0,,0.0,,0.0,0.0,,0.0,0.0,0.0,2.0,1.0,1.0,2.0,0.0,0.0,0.0,,,17.0,0.0,11.11,11.11,14.29,14.29,16.67,16.67,19.44,19.44,0.0,0.0
20200214,NAT_TOTAL,0.0,,0.0,,0.0,,0.0,,0.0,,0.0,,0.0,,0.0,0.0,,0.0,0.0,0.0,2.0,1.0,1.0,2.0,0.0,0.0,0.0,,,18.0,0.0,11.11,11.11,14.29,14.29,16.67,16.67,19.44,19.44,0.0,0.0
20200215,NAT_TOTAL,0.0,,0.0,,0.0,,0.0,,0.0,,0.0,,0.0,,0.0,0.0,,0.0,0.0,0.0,2.0,1.0,1.0,2.0,0.0,0.0,0.0,,,18.0,0.0,11.11,11.11,14.29,14.29,16.67,16.67,19.44,19.44,0.0,0.0
20200216,NAT_TOTAL,0.0,,0.0,,0.0,,0.0,,0.0,,0.0,,0.0,,0.0,0.0,,0.0,0.0,0.0,2.0,1.0,1.0,2.0,0.0,0.0,0.0,,,18.0,0.0,11.11,11.11,14.29,14.29,16.67,16.67,19.44,19.44,0.0,0.0
20200217,NAT_TOTAL,0.0,,0.0,,0.0,,0.0,,0.0,,0.0,,0.0,,0.0,0.0,,0.0,0.0,0.0,2.0,1.0,1.0,2.0,0.0,0.0,0.0,,,19.0,0.0,11.11,11.11,14.29,14.29,16.67,16.67,19.44,19.44,0.0,0.0
20200218,NAT_TOTAL,0.0,,0.0,,0.0,,0.0,,0.0,,0.0,,0.0,,0.0,0.0,,0.0,0.0,0.0,2.0,1.0,1.0,2.0,0.0,0.0,0.0,,,19.0,0.0,11.11,11.11,14.29,14.29,16.67,16.67,19.44,19.44,0.0,0.0
20200219,NAT_TOTAL,0.0,,0.0,,0.0,,0.0,,0.0,,0.0,,0.0,,0.0,0.0,,0.0,0.0,0.0,2.0,1.0,1.0,2.0,0.0,0.0,0.0,,,20.0,0.0,11.11,11.11,14.29,14.29,16.67,16.67,19.44,19.44,0.0,0.0
20200220,NAT_TOTAL,0.0,,0.0,,0.0,,0.0,,0.0,,0.0,,0.0,,0.0,0.0,,0.0,0.0,0.0,2.0,1.0,1.0,2.0,0.0,0.0,0.0,,,22.0,0.0,11.11,11.11,14.29,14.29,16.67,16.67,19.44,19.44,0.0,0.0
20200221,NAT_TOTAL,0.0,,0.0,,0.0,,0.0,,0.0,,0.0,,0.0,,0.0,0.0,,0.0,0.0,0.0,2.0,1.0,1.0,2.0,0.0,0.0,0.0,,,23.0,0.0,11.11,11.11,14.29,14.29,16.67,16.67,19.44,19.44,0.0,0.0
20200222,NAT_TOTAL,0.0,,0.0,,0.0,,0.0,,0.0,,0.0,,0.0,,0.0,0.0,,0.0,0.0,0.0,2.0,1.0,1.0,2.0,0.0,0.0,0.0,,,23.0,0.0,11.11,11.11,14.29,14.29,16.67,16.67,19.44,19.44,0.0,0.0
20200223,NAT_TOTAL,0.0,,0.0,,0.0,,0.0,,0.0,,0.0,,0.0,,0.0,0.0,,0.0,0.0,0.0,2.0,1.0,1.0,2.0,0.0,0.0,0.0,,,28.0,0.0,11.11,11.11,14.29,14.29,16.67,16.67,19.44,19.44,0.0,0.0
20200224,NAT_TOTAL,0.0,,0.0,,0.0,,0.0,,0.0,,0.0,,0.0,,0.0,0.0,,0.0,0.0,0.0,2.0,1.0,1.0,2.0,0.0,0.0,0.0,,,30.0,0.0,11.11,11.11,14.29,14.29,16.67,16.67,19.44,19.44,0.0,0.0
20200225,NAT_TOTAL,0.0,,0.0,,0.0,,0.0,,0.0,,0.0,,0.0,,0.0,0.0,,0.0,0.0,0.0,2.0,1.0,1.0,2.0,0.0,0.0,0.0,,,34.0,0.0,11.11,11.11,14.29,14.29,16.67,16.67,19.44,19.44,0.0,0.0
20200226,NAT_TOTAL,0.0,,0.0,,0.0,,0.0,,0.0,,0.0,,0.0,,0.0,0.0,,0.0,0.0,0.0,2.0,1.0,1.0,2.0,0.0,0.0,0.0,,,37.0,0.0,11.11,11.11,14.29,14.29,16.67,16.67,19.44,19.44,0.0,0.0
20200227,NAT_TOTAL,0.0,,0.0,,0.0,,0.0,,0.0,,0.0,,0.0,,0.0,0.0,,0.0,0.0,0.0,2.0,1.0,1.0,2.0,0.0,0.0,0.0,,,44.0,0.0,11.11,11.11,14.29,14.29,16.67,16.67,19.44,19.44,0.0,0.0
20200228,NAT_TOTAL,0.0,,0.0,,0.0,,0.0,,0.0,,0.0,,0.0,,0.0,0.0,,0.0,0.0,0.0,2.0,1.0,1.0,2.0,0.0,0.0,0.0,,,56.0,0.0,11.11,11.11,14.29,14.29,16.67,16.67,19.44,19.44,0.0,0.0
20200229,NAT_TOTAL,0.0,,0.0,,0.0,,0.0,,0.0,,0.0,,0.0,,0.0,0.0,,0.0,0.0,0.0,2.0,1.0,1.0,2.0,0.0,0.0,0.0,,,61.0,0.0,11.11,11.11,14.29,14.29,16.67,16.67,19.44,19.44,0.0,0.0
20200301,NAT_TOTAL,0.0,,0.0,,0.0,,0.0,,0.0,,0.0,,0.0,,0.0,0.0,,0.0,0.0,0.0,2.0,1.0,1.0,2.0,0.0,0.0,0.0,,,94.0,0.0,11.11,11.11,14.29,14.29,16.67,16.67,19.44,19.44,0.0,0.0
20200302,NAT_TOTAL,0.0,,0.0,,0.0,,0.0,,0.0,,0.0,,0.0,,0.0,0.0,,0.0,0.0,0.0,2.0,1.0,1.0,2.0,0.0,0.0,0.0,,,134.0,0.0,11.11,11.11,14.29,14.29,16.67,16.67,19.44,19.44,0.0,0.0
20200303,NAT_TOTAL,0.0,,0.0,,0.0,,0.0,,0.0,,0.0,,0.0,,0.0,0.0,,0.0,0.0,0.0,2.0,1.0,1.0,2.0,0.0,0.0,0.0,,,189.0,0.0,11.11,11.11,14.29,14.29,16.67,16.67,19.44,19.44,0.0,0.0
20200304,NAT_TOTAL,0.0,,0.0,,0.0,,0.0,,0.0,,0.0,,0.0,,0.0,0.0,,0.0,0.0,0.0,2.0,1.0,1.0,2.0,0.0,0.0,0.0,,,245.0,0.0,11.11,11.11,14.29,14.29,16.67,16.67,19.44,19.44,0.0,0.0
20200305,NAT_TOTAL,0.0,,0.0,,0.0,,0.0,,0.0,,0.0,,0.0,,0.0,0.0,,0.0,0.0,0.0,2.0,1.0,1.0,2.0,0.0,0.0,0.0,,,294.0,0.0,11.11,11.11,14.29,14.29,16.67,16.67,19.44,19.44,0.0,0.0
20200306,NAT_TOTAL,0.0,,0.0,,0.0,,0.0,,0.0,,0.0,,0.0,,0.0,0.0,,0.0,0.0,0.0,2.0,1.0,1.0,2.0,0.0,26019722.45,0.0,,,373.0,1.0,11.11,11.11,14.29,14.29,16.67,16.67,19.44,19.44,0.0,0.0
20200307,NAT_TOTAL,0.0,,0.0,,0.0,,0.0,,0.0,,0.0,,0.0,,0.0,0.0,,0.0,0.0,0.0,2.0,1.0,1.0,2.0,0.0,0.0,0.0,,,428.0,2.0,11.11,11.11,14.29,14.29,16.67,16.67,19.44,19.44,0.0,0.0
20200308,NAT_TOTAL,0.0,,0.0,,0.0,,0.0,,0.0,,0.0,,0.0,,0.0,0.0,,0.0,0.0,0.0,2.0,1.0,1.0,2.0,0.0,0.0,0.0,,,482.0,2.0,11.11,11.11,14.29,14.29,16.67,16.67,19.44,19.44,0.0,0.0
20200309,NAT_TOTAL,0.0,,0.0,,0.0,,0.0,,0.0,,0.0,,0.0,,0.0,0.0,,0.0,0.0,0.0,2.0,1.0,1.0,2.0,0.0,0.0,0.0,,,629.0,3.0,11.11,11.11,14.29,14.29,16.67,16.67,19.44,19.44,0.0,0.0
20200310,NAT_TOTAL,0.0,,0.0,,0.0,,0.0,,0.0,,0.0,,0.0,,0.0,0.0,,0.0,0.0,0.0,2.0,1.0,1.0,2.0,0.0,0.0,0.0,,,887.0,7.0,11.11,11.11,14.29,14.29,16.67,16.67,19.44,19.44,0.0,0.0
20200311,NAT_TOTAL,0.0,,0.0,,0.0,,0.0,,0.0,,0.0,,0.0,,0.0,0.0,,0.0,32223318564.93,183360000.0,2.0,1.0,1.0,2.0,6444663712.99,0.0,0.0,,,1298.0,7.0,11.11,11.11,14.29,14.29,16.67,16.67,19.44,19.44,0.0,0.0
20200312,NAT_TOTAL,0.0,,0.0,,0.0,,0.0,,0.0,,0.0,,0.0,,0.0,0.0,,0.0,0.0,0.0,2.0,1.0,1.0,0.0,0.0,0.0,0.0,,,1787.0,9.0,11.11,11.11,14.29,14.29,9.52,9.52,11.11,11.11,0.0,0.0
20200313,NAT_TOTAL,0.0,,0.0,,0.0,,0.0,,0.0,,1.0,0.0,0.0,,0.0,0.0,,0.0,0.0,0.0,2.0,1.0,1.0,0.0,0.0,0.0,0.0,,,2266.0,10.0,12.96,12.96,17.86,17.86,10.71,10.71,12.5,12.5,0.0,0.0
20200314,NAT_TOTAL,0.0,,0.0,,0.0,,0.0,,0.0,,1.0,0.0,0.0,,0.0,0.0,,0.0,0.0,0.0,2.0,1.0,1.0,0.0,0.0,0.0,0.0,,,2630.0,29.0,12.96,12.96,17.86,17.86,10.71,10.71,12.5,12.5,0.0,0.0
20200315,NAT_TOTAL,0.0,,0.0,,0.0,,0.0,,0.0,,1.0,0.0,0.0,,0.0,0.0,,0.0,0.0,0.0,2.0,1.0,1.0,0.0,0.0,0.0,0.0,,,3072.0,43.0,12.96,12.96,17.86,17.86,10.71,10.71,12.5,12.5,0.0,0.0
20200316,NAT_TOTAL,0.0,,1.0,1.0,0.0,,0.0,,0.0,,1.0,0.0,0.0,,0.0,0.0,,0.0,0.0,0.0,2.0,1.0,1.0,0.0,0.0,0.0,0.0,,,3684.0,65.0,16.67,16.67,25.0,25.0,13.1,13.1,15.28,15.28,0.0,0.0
20200317,NAT_TOTAL,0.0,,1.0,1.0,1.0,1.0,0.0,,0.0,,1.0,0.0,0.0,,0.0,0.0,,1.0,0.0,0.0,2.0,1.0,1.0,0.0,0.0,0.0,0.0,,,4452.0,82.0,22.22,22.22,34.52,34.52,20.24,20.24,19.44,19.44,25.0,25.0
20200318,NAT_TOTAL,3.0,0.0,1.0,1.0,1.0,1.0,0.0,,0.0,,1.0,0.0,0.0,,0.0,0.0,,1.0,0.0,0.0,2.0,1.0,1.0,0.0,0.0,0.0,0.0,,,5451.0,116.0,31.48,31.48,45.24,45.24,26.19,26.19,26.39,26.39,25.0,25.0
20200319,NAT_TOTAL,3.0,0.0,1.0,1.0,1.0,1.0,0.0,,0.0,,1.0,0.0,0.0,,0.0,0.0,,2.0,0.0,0.0,2.0,1.0,1.0,0.0,0.0,0.0,0.0,,,6506.0,162.0,31.48,31.48,45.24,45.24,29.76,29.76,26.39,26.39,50.0,50.0
20200320,NAT_TOTAL,3.0,0.0,1.0,1.0,1.0,1.0,0.0,,1.0,1.0,1.0,0.0,0.0,,0.0,2.0,0.0,2.0,43436046045.05,0.0,2.0,1.0,1.0,0.0,0.0,0.0,0.0,,,7760.0,194.0,37.04,37.04,54.76,54.76,38.69,38.69,30.56,30.56,87.5,87.5
20200321,NAT_TOTAL,3.0,0.0,3.0,1.0,2.0,0.0,0.0,,1.0,1.0,1.0,0.0,0.0,,0.0,2.0,0.0,2.0,0.0,0.0,2.0,1.0,1.0,0.0,0.0,0.0,0.0,,,8957.0,252.0,47.22,47.22,61.9,61.9,45.24,45.24,38.19,38.19,87.5,87.5
20200322,NAT_TOTAL,3.0,0.0,3.0,1.0,2.0,1.0,0.0,,1.0,1.0,2.0,0.0,2.0,0.0,0.0,2.0,0.0,2.0,0.0,0.0,2.0,1.0,1.0,0.0,0.0,0.0,0.0,,,10333.0,288.0,62.04,62.04,72.62,72.62,54.76,54.76,49.31,49.31,87.5,87.5
20200323,NAT_TOTAL,3.0,1.0,3.0,1.0,2.0,1.0,4.0,0.0,1.0,1.0,2.0,1.0,2.0,1.0,0.0,2.0,0.0,2.0,0.0,0.0,2.0,1.0,1.0,0.0,0.0,2989616.7,0.0,,,12668.0,364.0,78.24,78.24,80.95,80.95,65.18,65.18,61.46,61.46,87.5,87.5
20200324,NAT_TOTAL,3.0,1.0,3.0,1.0,2.0,1.0,4.0,1.0,1.0,1.0,2.0,1.0,2.0,1.0,0.0,2.0,0.0,2.0,0.0,0.0,2.0,1.0,1.0,0.0,0.0,0.0,0.0,,,15039.0,512.0,79.63,79.63,80.95,80.95,66.07,66.07,62.5,62.5,87.5,87.5
20200325,NAT_TOTAL,3.0,1.0,3.0,1.0,2.0,1.0,4.0,1.0,1.0,1.0,2.0,1.0,2.0,1.0,0.0,2.0,0.0,2.0,0.0,0.0,2.0,1.0,1.0,0.0,0.0,0.0,0.0,,,17732.0,703.0,79.63,79.63,80.95,80.95,66.07,66.07,62.5,62.5,87.5,87.5
20200326,NAT_TOTAL,3.0,1.0,3.0,1.0,2.0,1.0,4.0,1.0,1.0,1.0,2.0,1.0,2.0,1.0,0.0,2.0,1.0,2.0,0.0,0.0,2.0,1.0,1.0,0.0,0.0,254591132.11,0.0,,,20816.0,884.0,79.63,79.63,80.95,80.95,67.86,67.86,62.5,62.5,100.0,100.0
20200327,NAT_TOTAL,3.0,1.0,3.0,1.0,2.0,1.0,4.0,1.0,1.0,1.0,2.0,1.0,2.0,1.0,0.0,2.0,1.0,2.0,0.0,0.0,2.0,1.0,1.0,0.0,0.0,0.0,0.0,,,24017.0,1172.0,79.63,79.63,80.95,80.95,67.86,67.86,62.5,62.5,100.0,100.0
20200328,NAT_TOTAL,3.0,1.0,3.0,1.0,2.0,1.0,4.0,1.0,1.0,1.0,2.0,1.0,2.0,1.0,0.0,2.0,1.0,2.0,0.0,0.0,2.0,1.0,1.0,0.0,0.0,0.0,0.0,,,26839.0,1464.0,79.63,79.63,80.95,80.95,67.86,67.86,62.5,62.5,100.0,100.0
20200329,NAT_TOTAL,3.0,1.0,3.0,1.0,2.0,1.0,4.0,1.0,1.0,1.0,2.0,1.0,2.0,1.0,0.0,2.0,1.0,2.0,0.0,0.0,2.0,1.0,1.0,0.0,0.0,0.0,0.0,,,29696.0,1676.0,79.63,79.63,80.95,80.95,67.86,67.86,62.5,62.5,100.0,100.0
20200330,NAT_TOTAL,3.0,1.0,3.0,1.0,2.0,1.0,4.0,1.0,1.0,1.0,2.0,1.0,2.0,1.0,0.0,2.0,1.0,2.0,0.0,0.0,2.0,1.0,1.0,0.0,0.0,0.0,0.0,,,33969.0,2050.0,79.63,79.63,80.95,80.95,67.86,67.86,62.5,62.5,100.0,100.0
20200331,NAT_TOTAL,3.0,1.0,3.0,1.0,2.0,1.0,4.0,1.0,1.0,1.0,2.0,1.0,2.0,1.0,0.0,2.0,1.0,2.0,0.0,0.0,2.0,1.0,1.0,0.0,0.0,0.0,0.0,,,38484.0,2453.0,79.63,79.63,80.95,80.95,67.86,67.86,62.5,62.5,100.0,100.0
20200401,NAT_TOTAL,3.0,1.0,3.0,1.0,2.0,1.0,4.0,1.0,1.0,1.0,2.0,1.0,2.0,1.0,0.0,2.0,1.0,2.0,0.0,0.0,2.0,1.0,1.0,0.0,0.0,0.0,0.0,,,43398.0,3125.0,79.63,79.63,80.95,80.95,67.86,67.86,62.5,62.5,100.0,100.0
20200402,NAT_TOTAL,3.0,1.0,3.0,1.0,2.0,1.0,4.0,1.0,1.0,1.0,2.0,1.0,2.0,1.0,0.0,2.0,1.0,2.0,0.0,0.0,2.0,1.0,1.0,0.0,0.0,0.0,0.0,,,48263.0,3782.0,79.63,79.63,80.95,80.95,67.86,67.86,62.5,62.5,100.0,100.0
20200403,NAT_TOTAL,3.0,1.0,3.0,1.0,2.0,1.0,4.0,1.0,1.0,1.0,2.0,1.0,2.0,1.0,0.0,2.0,1.0,2.0,0.0,0.0,2.0,1.0,1.0,0.0,0.0,0.0,0.0,,,53178.0,4518.0,79.63,79.63,80.95,80.95,67.86,67.86,62.5,62.5,100.0,100.0
20200404,NAT_TOTAL,3.0,1.0,3.0,1.0,2.0,1.0,4.0,1.0,1.0,1.0,2.0,1.0,2.0,1.0,0.0,2.0,1.0,2.0,0.0,0.0,2.0,1.0,1.0,0.0,0.0,0.0,0.0,,,57198.0,5274.0,79.63,79.63,80.95,80.95,67.86,67.86,62.5,62.5,100.0,100.0
20200405,NAT_TOTAL,3.0,1.0,3.0,1.0,2.0,1.0,4.0,1.0,1.0,1.0,2.0,1.0,2.0,1.0,0.0,2.0,1.0,2.0,0.0,0.0,2.0,1.0,1.0,0.0,0.0,0.0,0.0,,,60792.0,5873.0,79.63,79.63,80.95,80.95,67.86,67.86,62.5,62.5,100.0,100.0
20200406,NAT_TOTAL,3.0,1.0,3.0,1.0,2.0,1.0,4.0,1.0,1.0,1.0,2.0,1.0,2.0,1.0,0.0,2.0,1.0,2.0,0.0,0.0,2.0,1.0,1.0,0.0,0.0,0.0,0.0,,,66067.0,6440.0,79.63,79.63,80.95,80.95,67.86,67.86,62.5,62.5,100.0,100.0
20200407,NAT_TOTAL,3.0,1.0,3.0,1.0,2.0,1.0,4.0,1.0,1.0,1.0,2.0,1.0,2.0,1.0,0.0,2.0,1.0,2.0,0.0,0.0,2.0,1.0,1.0,0.0,0.0,0.0,0.0,,,71517.0,7545.0,79.63,79.63,80.95,80.95,67.86,67.86,62.5,62.5,100.0,100.0
20200408,NAT_TOTAL,3.0,1.0,3.0,1.0,2.0,1.0,4.0,1.0,1.0,1.0,2.0,1.0,2.0,1.0,0.0,2.0,1.0,2.0,929000000.0,0.0,2.0,1.0,1.0,0.0,0.0,0.0,0.0,,,76646.0,8575.0,79.63,79.63,80.95,80.95,67.86,67.86,62.5,62.5,100.0,100.0
20200409,NAT_TOTAL,3.0,1.0,3.0,1.0,2.0,1.0,4.0,1.0,1.0,1.0,2.0,1.0,2.0,1.0,0.0,2.0,1.0,2.0,0.0,0.0,2.0,1.0,1.0,0.0,0.0,0.0,0.0,,,81498.0,9691.0,79.63,79.63,80.95,80.95,67.86,67.86,62.5,62.5,100.0,100.0
20200410,NAT_TOTAL,3.0,1.0,3.0,1.0,2.0,1.0,4.0,1.0,1.0,1.0,2.0,1.0,2.0,1.0,0.0,2.0,1.0,2.0,0.0,0.0,2.0,1.0,1.0,0.0,0.0,0.0,0.0,,,85813.0,10813.0,79.63,79.63,80.95,80.95,67.86,67.86,62.5,62.5,100.0,100.0
20200411,NAT_TOTAL,3.0,1.0,3.0,1.0,2.0,1.0,4.0,1.0,1.0,1.0,2.0,1.0,2.0,1.0,0.0,2.0,1.0,2.0,0.0,0.0,2.0,1.0,1.0,0.0,0.0,0.0,0.0,,,89390.0,11656.0,79.63,79.63,80.95,80.95,67.86,67.86,62.5,62.5,100.0,100.0
20200412,NAT_TOTAL,3.0,1.0,3.0,1.0,2.0,1.0,4.0,1.0,1.0,1.0,2.0,1.0,2.0,1.0,0.0,2.0,1.0,2.0,0.0,0.0,2.0,1.0,1.0,0.0,0.0,0.0,0.0,,,92885.0,12313.0,79.63,79.63,80.95,80.95,67.86,67.86,62.5,62.5,100.0,100.0
20200413,NAT_TOTAL,3.0,1.0,3.0,1.0,2.0,1.0,4.0,1.0,1.0,1.0,2.0,1.0,2.0,1.0,0.0,2.0,1.0,2.0,0.0,0.0,2.0,1.0,1.0,0.0,0.0,0.0,0.0,,,97068.0,13037.0,79.63,79.63,80.95,80.95,67.86,67.86,62.5,62.5,100.0,100.0
20200414,NAT_TOTAL,3.0,1.0,3.0,1.0,2.0,1.0,4.0,1.0,1.0,1.0,2.0,1.0,2.0,1.0,0.0,2.0,1.0,2.0,0.0,0.0,2.0,1.0,1.0,0.0,0.0,0.0,0.0,,,101393.0,14113.0,79.63,79.63,80.95,80.95,67.86,67.86,62.5,62.5,100.0,100.0
20200415,NAT_TOTAL,3.0,1.0,3.0,1.0,2.0,1.0,4.0,1.0,1.0,1.0,2.0,1.0,2.0,1.0,0.0,2.0,1.0,2.0,0.0,0.0,2.0,1.0,1.0,0.0,0.0,0.0,0.0,,,106458.0,14993.0,79.63,79.63,80.95,80.95,67.86,67.86,62.5,62.5,100.0,100.0
20200416,NAT_TOTAL,3.0,1.0,3.0,1.0,2.0,1.0,4.0,1.0,1.0,1.0,2.0,1.0,2.0,1.0,0.0,2.0,1.0,2.0,0.0,0.0,2.0,1.0,1.0,0.0,0.0,0.0,0.0,,,111756.0,16029.0,79.63,79.63,80.95,80.95,67.86,67.86,62.5,62.5,100.0,100.0
20200417,NAT_TOTAL,3.0,1.0,3.0,1.0,2.0,1.0,4.0,1.0,1.0,1.0,2.0,1.0,2.0,1.0,0.0,2.0,1.0,2.0,0.0,0.0,2.0,1.0,1.0,0.0,0.0,0.0,0.0,,,116721.0,16942.0,79.63,79.63,80.95,80.95,67.86,67.86,62.5,62.5,100.0,100.0
20200418,NAT_TOTAL,3.0,1.0,3.0,1.0,2.0,1.0,4.0,1.0,1.0,1.0,2.0,1.0,2.0,1.0,0.0,2.0,1.0,2.0,0.0,0.0,2.0,1.0,1.0,0.0,0.0,0.0,0.0,,,121437.0,18047.0,79.63,79.63,80.95,80.95,67.86,67.86,62.5,62.5,100.0,100.0
20200419,NAT_TOTAL,3.0,1.0,3.0,1.0,2.0,1.0,4.0,1.0,1.0,1.0,2.0,1.0,2.0,1.0,0.0,2.0,1.0,2.0,0.0,0.0,2.0,1.0,1.0,0.0,0.0,0.0,0.0,,,125289.0,18479.0,79.63,79.63,80.95,80.95,67.86,67.86,62.5,62.5,100.0,100.0
20200420,NAT_TOTAL,3.0,1.0,3.0,1.0,2.0,1.0,4.0,1.0,1.0,1.0,2.0,1.0,2.0,1.0,0.0,2.0,1.0,2.0,1550000000.0,0.0,2.0,1.0,1.0,0.0,0.0,0.0,0.0,,,130147.0,19049.0,79.63,79.63,80.95,80.95,67.86,67.86,62.5,62.5,100.0,100.0
20200421,NAT_TOTAL,3.0,1.0,3.0,1.0,2.0,1.0,4.0,1.0,1.0,1.0,2.0,1.0,2.0,1.0,0.0,2.0,1.0,2.0,0.0,0.0,2.0,1.0,1.0,0.0,0.0,0.0,0.0,,,134907.0,20273.0,79.63,79.63,80.95,80.95,67.86,67.86,62.5,62.5,100.0,100.0
20200422,NAT_TOTAL,3.0,1.0,3.0,1.0,2.0,1.0,4.0,1.0,1.0,1.0,2.0,1.0,2.0,1.0,0.0,2.0,1.0,2.0,0.0,0.0,2.0,1.0,1.0,0.0,0.0,0.0,0.0,,,140397.0,21120.0,79.63,79.63,80.95,80.95,67.86,67.86,62.5,62.5,100.0,100.0
20200423,NAT_TOTAL,3.0,1.0,3.0,1.0,2.0,1.0,4.0,1.0,1.0,1.0,2.0,1.0,2.0,1.0,0.0,2.0,1.0,2.0,0.0,0.0,2.0,1.0,1.0,0.0,0.0,0.0,0.0,,,145540.0,21802.0,79.63,79.63,80.95,80.95,67.86,67.86,62.5,62.5,100.0,100.0
20200424,NAT_TOTAL,3.0,1.0,3.0,1.0,2.0,1.0,4.0,1.0,1.0,1.0,2.0,1.0,2.0,1.0,0.0,2.0,1.0,2.0,0.0,0.0,2.0,1.0,1.0,0.0,0.0,0.0,0.0,,,150513.0,22812.0,79.63,79.63,80.95,80.95,67.86,67.86,62.5,62.5,100.0,100.0
20200425,NAT_TOTAL,3.0,1.0,3.0,1.0,2.0,1.0,4.0,1.0,1.0,1.0,2.0,1.0,2.0,1.0,0.0,2.0,1.0,2.0,0.0,0.0,2.0,1.0,1.0,0.0,0.0,0.0,0.0,,,154261.0,23627.0,79.63,79.63,80.95,80.95,67.86,67.86,62.5,62.5,100.0,100.0
20200426,NAT_TOTAL,3.0,1.0,3.0,1.0,2.0,1.0,4.0,1.0,1.0,1.0,2.0,1.0,2.0,1.0,0.0,2.0,1.0,2.0,0.0,0.0,2.0,1.0,1.0,0.0,0.0,0.0,0.0,,,157729.0,23991.0,79.63,79.63,80.95,80.95,67.86,67.86,62.5,62.5,100.0,100.0
20200427,NAT_TOTAL,3.0,1.0,3.0,1.0,2.0,1.0,4.0,1.0,1.0,1.0,2.0,1.0,2.0,1.0,0.0,2.0,1.0,2.0,0.0,0.0,2.0,1.0,1.0,0.0,0.0,0.0,0.0,,,162431.0,24311.0,79.63,79.63,80.95,80.95,67.86,67.86,62.5,62.5,100.0,100.0
20200428,NAT_TOTAL,3.0,1.0,3.0,1.0,2.0,1.0,4.0,1.0,1.0,1.0,2.0,1.0,2.0,1.0,0.0,2.0,1.0,2.0,0.0,0.0,2.0,1.0,1.0,0.0,0.0,0.0,1.0,0.0,,167152.0,25280.0,79.63,79.63,80.95,80.95,68.75,68.75,63.54,63.54,100.0,100.0
20200429,NAT_TOTAL,3.0,1.0,3.0,1.0,2.0,1.0,4.0,1.0,1.0,1.0,2.0,1.0,2.0,1.0,0.0,2.0,1.0,2.0,0.0,0.0,2.0,1.0,1.0,0.0,0.0,0.0,1.0,0.0,,172587.0,26049.0,79.63,79.63,80.95,80.95,68.75,68.75,63.54,63.54,100.0,100.0
20200430,NAT_TOTAL,3.0,1.0,3.0,1.0,2.0,1.0,4.0,1.0,1.0,1.0,2.0,1.0,2.0,1.0,0.0,2.0,1.0,2.0,0.0,0.0,2.0,1.0,1.0,0.0,0.0,0.0,1.0,0.0,,177543.0,26683.0,79.63,79.63,80.95,80.95,68.75,68.75,63.54,63.54,100.0,100.0
20200501,NAT_TOTAL,3.0,1.0,3.0,1.0,2.0,1.0,4.0,1.0,1.0,1.0,2.0,1.0,2.0,1.0,0.0,2.0,1.0,2.0,0.0,0.0,2.0,1.0,1.0,0.0,0.0,0.0,1.0,0.0,,182270.0,27381.0,79.63,79.63,80.95,80.95,68.75,68.75,63.54,63.54,100.0,100.0
20200502,NAT_TOTAL,3.0,1.0,3.0,1.0,2.0,1.0,4.0,1.0,1.0,1.0,2.0,1.0,2.0,1.0,0.0,2.0,1.0,2.0,0.0,0.0,2.0,1.0,1.0,0.0,0.0,0.0,1.0,0.0,,185491.0,27965.0,79.63,79.63,80.95,80.95,68.75,68.75,63.54,63.54,100.0,100.0
20200503,NAT_TOTAL,3.0,1.0,3.0,1.0,2.0,1.0,4.0,1.0,1.0,1.0,2.0,1.0,2.0,1.0,0.0,2.0,1.0,2.0,0.0,0.0,2.0,1.0,1.0,0.0,0.0,0.0,1.0,0.0,,188465.0,28218.0,79.63,79.63,80.95,80.95,68.75,68.75,63.54,63.54,100.0,100.0
20200504,NAT_TOTAL,3.0,1.0,3.0,1.0,2.0,1.0,4.0,1.0,1.0,1.0,2.0,1.0,2.0,1.0,0.0,2.0,1.0,2.0,0.0,0.0,2.0,1.0,1.0,0.0,0.0,0.0,1.0,0.0,,191843.0,28490.0,79.63,79.63,80.95,80.95,68.75,68.75,63.54,63.54,100.0,100.0
20200505,NAT_TOTAL,3.0,1.0,3.0,1.0,2.0,1.0,4.0,1.0,1.0,1.0,2.0,1.0,2.0,1.0,0.0,2.0,1.0,2.0,0.0,0.0,2.0,1.0,1.0,0.0,0.0,0.0,1.0,0.0,,195527.0,29216.0,79.63,79.63,80.95,80.95,68.75,68.75,63.54,63.54,100.0,100.0
20200506,NAT_TOTAL,3.0,1.0,3.0,1.0,2.0,1.0,4.0,1.0,1.0,1.0,2.0,1.0,2.0,1.0,0.0,2.0,1.0,2.0,0.0,0.0,2.0,1.0,1.0,0.0,0.0,0.0,1.0,0.0,,199358.0,29863.0,79.63,79.63,80.95,80.95,68.75,68.75,63.54,63.54,100.0,100.0
20200507,NAT_TOTAL,3.0,1.0,3.0,1.0,2.0,1.0,4.0,1.0,1.0,1.0,2.0,1.0,2.0,1.0,0.0,2.0,1.0,2.0,0.0,0.0,2.0,1.0,1.0,0.0,0.0,0.0,1.0,0.0,,203125.0,30321.0,79.63,79.63,80.95,80.95,68.75,68.75,63.54,63.54,100.0,100.0
20200508,NAT_TOTAL,3.0,1.0,3.0,1.0,2.0,1.0,4.0,1.0,1.0,1.0,2.0,1.0,2.0,1.0,0.0,2.0,1.0,2.0,0.0,0.0,2.0,1.0,1.0,0.0,0.0,0.0,1.0,0.0,,206174.0,30900.0,79.63,79.63,80.95,80.95,68.75,68.75,63.54,63.54,100.0,100.0
20200509,NAT_TOTAL,3.0,1.0,3.0,1.0,2.0,1.0,4.0,1.0,1.0,1.0,2.0,1.0,2.0,1.0,0.0,2.0,1.0,2.0,0.0,0.0,2.0,1.0,1.0,0.0,0.0,0.0,1.0,0.0,,208324.0,31175.0,79.63,79.63,80.95,80.95,68.75,68.75,63.54,63.54,100.0,100.0
20200510,NAT_TOTAL,3.0,1.0,3.0,1.0,2.0,1.0,4.0,1.0,1.0,1.0,2.0,1.0,2.0,1.0,0.0,2.0,1.0,2.0,0.0,0.0,2.0,1.0,1.0,0.0,0.0,0.0,1.0,0.0,,210645.0,31392.0,79.63,79.63,80.95,80.95,68.75,68.75,63.54,63.54,100.0,100.0
20200511,NAT_TOTAL,3.0,1.0,3.0,0.0,2.0,1.0,4.0,1.0,1.0,1.0,2.0,1.0,2.0,1.0,0.0,2.0,1.0,2.0,0.0,0.0,2.0,1.0,1.0,0.0,0.0,0.0,1.0,0.0,,214228.0,31579.0,77.78,77.78,77.38,77.38,67.56,67.56,62.15,62.15,100.0,100.0
20200512,NAT_TOTAL,3.0,1.0,3.0,0.0,2.0,1.0,4.0,1.0,1.0,1.0,2.0,1.0,2.0,1.0,0.0,2.0,1.0,2.0,0.0,0.0,2.0,1.0,1.0,0.0,0.0,0.0,1.0,0.0,,217617.0,32193.0,77.78,77.78,77.38,77.38,67.56,67.56,62.15,62.15,100.0,100.0
20200513,NAT_TOTAL,3.0,1.0,3.0,0.0,2.0,1.0,4.0,1.0,1.0,1.0,1.0,1.0,2.0,0.0,0.0,2.0,1.0,2.0,0.0,0.0,2.0,1.0,1.0,0.0,0.0,0.0,1.0,0.0,,220915.0,32640.0,71.3,71.3,72.62,72.62,63.39,63.39,57.29,57.29,100.0,100.0
20200514,NAT_TOTAL,3.0,1.0,3.0,0.0,2.0,1.0,4.0,1.0,1.0,1.0,1.0,1.0,2.0,0.0,0.0,2.0,1.0,2.0,0.0,0.0,2.0,1.0,1.0,0.0,0.0,0.0,1.0,0.0,,223524.0,32992.0,71.3,71.3,72.62,72.62,63.39,63.39,57.29,57.29,100.0,100.0
20200515,NAT_TOTAL,3.0,1.0,3.0,0.0,2.0,1.0,4.0,1.0,1.0,1.0,1.0,1.0,2.0,0.0,0.0,2.0,1.0,2.0,0.0,0.0,2.0,1.0,1.0,0.0,0.0,0.0,1.0,0.0,,226041.0,33342.0,71.3,71.3,72.62,72.62,63.39,63.39,57.29,57.29,100.0,100.0
20200516,NAT_TOTAL,3.0,1.0,3.0,0.0,2.0,1.0,4.0,1.0,1.0,1.0,1.0,1.0,2.0,0.0,0.0,2.0,1.0,2.0,0.0,0.0,2.0,1.0,1.0,0.0,0.0,0.0,1.0,0.0,,228106.0,33753.0,71.3,71.3,72.62,72.62,63.39,63.39,57.29,57.29,100.0,100.0
20200517,NAT_TOTAL,3.0,1.0,3.0,0.0,2.0,1.0,4.0,1.0,1.0,1.0,1.0,1.0,2.0,0.0,0.0,2.0,1.0,2.0,0.0,0.0,2.0,1.0,1.0,0.0,0.0,0.0,1.0,0.0,,229932.0,33820.0,71.3,71.3,72.62,72.62,63.39,63.39,57.29,57.29,100.0,100.0
20200518,NAT_TOTAL,3.0,1.0,3.0,0.0,2.0,1.0,4.0,1.0,1.0,1.0,1.0,1.0,2.0,0.0,0.0,2.0,1.0,2.0,0.0,0.0,2.0,1.0,2.0,0.0,0.0,0.0,1.0,0.0,,232506.0,33966.0,71.3,71.3,72.62,72.62,65.77,65.77,60.07,60.07,100.0,100.0
20200519,NAT_TOTAL,3.0,1.0,3.0,0.0,2.0,1.0,4.0,1.0,1.0,1.0,1.0,1.0,2.0,0.0,0.0,2.0,1.0,2.0,0.0,0.0,2.0,1.0,2.0,0.0,0.0,0.0,1.0,0.0,,235547.0,34466.0,71.3,71.3,72.62,72.62,65.77,65.77,60.07,60.07,100.0,100.0
20200520,NAT_TOTAL,3.0,1.0,3.0,0.0,2.0,1.0,4.0,1.0,1.0,1.0,1.0,1.0,2.0,0.0,0.0,2.0,1.0,2.0,0.0,24500000.0,2.0,1.0,2.0,0.0,0.0,0.0,1.0,0.0,,238253.0,34794.0,71.3,71.3,72.62,72.62,65.77,65.77,60.07,60.07,100.0,100.0
20200521,NAT_TOTAL,3.0,1.0,3.0,0.0,2.0,1.0,4.0,1.0,1.0,1.0,1.0,1.0,2.0,0.0,0.0,2.0,1.0,2.0,0.0,0.0,2.0,1.0,2.0,0.0,0.0,0.0,1.0,0.0,,240795.0,35067.0,71.3,71.3,72.62,72.62,65.77,65.77,60.07,60.07,100.0,100.0
20200522,NAT_TOTAL,3.0,1.0,3.0,0.0,2.0,1.0,4.0,1.0,1.0,1.0,1.0,1.0,2.0,0.0,0.0,2.0,1.0,2.0,0.0,0.0,2.0,1.0,2.0,0.0,0.0,0.0,1.0,0.0,,242825.0,35358.0,71.3,71.3,72.62,72.62,65.77,65.77,60.07,60.07,100.0,100.0
20200523,NAT_TOTAL,3.0,1.0,3.0,0.0,2.0,1.0,4.0,1.0,1.0,1.0,1.0,1.0,2.0,0.0,0.0,2.0,1.0,2.0,0.0,0.0,2.0,1.0,2.0,0.0,0.0,0.0,1.0,0.0,,244332.0,35578.0,71.3,71.3,72.62,72.62,65.77,65.77,60.07,60.07,100.0,100.0
20200524,NAT_TOTAL,3.0,1.0,3.0,0.0,2.0,1.0,4.0,1.0,1.0,1.0,1.0,1.0,2.0,0.0,0.0,2.0,1.0,2.0,0.0,0.0,2.0,1.0,2.0,0.0,0.0,0.0,1.0,0.0,,245680.0,35957.0,71.3,71.3,72.62,72.62,65.77,65.77,60.07,60.07,100.0,100.0
20200525,NAT_TOTAL,3.0,1.0,3.0,0.0,2.0,1.0,4.0,1.0,1.0,1.0,1.0,1.0,2.0,0.0,0.0,2.0,1.0,2.0,0.0,0.0,2.0,1.0,2.0,0.0,0.0,0.0,1.0,0.0,,247287.0,36061.0,71.3,71.3,72.62,72.62,65.77,65.77,60.07,60.07,100.0,100.0
20200526,NAT_TOTAL,3.0,1.0,3.0,0.0,2.0,1.0,4.0,1.0,1.0,1.0,1.0,1.0,2.0,0.0,0.0,2.0,1.0,2.0,0.0,0.0,2.0,1.0,2.0,0.0,0.0,0.0,1.0,0.0,,248937.0,36192.0,71.3,71.3,72.62,72.62,65.77,65.77,60.07,60.07,100.0,100.0
20200527,NAT_TOTAL,3.0,1.0,3.0,0.0,2.0,1.0,4.0,1.0,1.0,1.0,1.0,1.0,2.0,0.0,0.0,2.0,1.0,2.0,0.0,0.0,2.0,1.0,2.0,1.0,0.0,0.0,1.0,0.0,,250739.0,36614.0,71.3,71.3,72.62,72.62,69.35,69.35,64.24,64.24,100.0,100.0
20200528,NAT_TOTAL,3.0,1.0,3.0,0.0,2.0,1.0,4.0,1.0,1.0,1.0,1.0,1.0,2.0,0.0,0.0,2.0,1.0,2.0,0.0,0.0,2.0,1.0,2.0,1.0,0.0,0.0,1.0,0.0,,252473.0,36957.0,71.3,71.3,72.62,72.62,69.35,69.35,64.24,64.24,100.0,100.0
20200529,NAT_TOTAL,3.0,1.0,2.0,1.0,2.0,1.0,4.0,1.0,1.0,1.0,1.0,1.0,2.0,0.0,0.0,2.0,1.0,2.0,0.0,0.0,2.0,1.0,2.0,1.0,0.0,0.0,1.0,0.0,,253977.0,37231.0,69.44,69.44,72.62,72.62,68.15,68.15,62.85,62.85,100.0,100.0
20200530,NAT_TOTAL,3.0,1.0,2.0,1.0,2.0,1.0,4.0,1.0,1.0,1.0,1.0,1.0,2.0,0.0,0.0,2.0,1.0,2.0,0.0,0.0,2.0,1.0,2.0,1.0,0.0,0.0,1.0,0.0,,255076.0,37385.0,69.44,69.44,72.62,72.62,68.15,68.15,62.85,62.85,100.0,100.0
20200531,NAT_TOTAL,3.0,1.0,2.0,1.0,2.0,1.0,4.0,1.0,1.0,1.0,1.0,1.0,2.0,0.0,0.0,2.0,1.0,2.0,0.0,0.0,2.0,1.0,2.0,1.0,0.0,0.0,1.0,0.0,,256145.0,37445.0,69.44,69.44,72.62,72.62,68.15,68.15,62.85,62.85,100.0,100.0
20200601,NAT_TOTAL,3.0,0.0,2.0,1.0,2.0,1.0,4.0,1.0,1.0,1.0,1.0,1.0,2.0,0.0,0.0,2.0,1.0,2.0,0.0,0.0,2.0,1.0,2.0,2.0,0.0,0.0,1.0,0.0,,257579.0,37531.0,67.59,67.59,69.05,69.05,70.54,70.54,65.63,65.63,100.0,100.0
20200602,NAT_TOTAL,3.0,0.0,2.0,1.0,2.0,1.0,4.0,1.0,1.0,1.0,1.0,1.0,2.0,0.0,0.0,2.0,1.0,2.0,0.0,0.0,2.0,1.0,2.0,2.0,0.0,0.0,1.0,0.0,,259046.0,37780.0,67.59,67.59,69.05,69.05,70.54,70.54,65.63,65.63,100.0,100.0
20200603,NAT_TOTAL,3.0,0.0,2.0,1.0,2.0,1.0,4.0,1.0,1.0,1.0,1.0,1.0,2.0,0.0,0.0,2.0,1.0,2.0,0.0,0.0,2.0,1.0,2.0,2.0,0.0,0.0,1.0,0.0,,260388.0,38034.0,67.59,67.59,69.05,69.05,70.54,70.54,65.63,65.63,100.0,100.0
20200604,NAT_TOTAL,3.0,0.0,2.0,1.0,2.0,1.0,4.0,1.0,1.0,1.0,1.0,1.0,2.0,0.0,0.0,2.0,1.0,2.0,0.0,0.0,2.0,1.0,2.0,2.0,0.0,0.0,1.0,0.0,,261622.0,38164.0,67.59,67.59,69.05,69.05,70.54,70.54,65.63,65.63,100.0,100.0
20200605,NAT_TOTAL,3.0,0.0,2.0,1.0,2.0,1.0,4.0,1.0,1.0,1.0,1.0,1.0,2.0,0.0,0.0,2.0,1.0,2.0,0.0,0.0,2.0,1.0,2.0,2.0,0.0,0.0,1.0,0.0,,262727.0,38422.0,67.59,67.59,69.05,69.05,70.54,70.54,65.63,65.63,100.0,100.0
20200606,NAT_TOTAL,3.0,0.0,2.0,1.0,2.0,1.0,4.0,1.0,1.0,1.0,1.0,1.0,2.0,0.0,0.0,2.0,1.0,2.0,0.0,0.0,2.0,1.0,2.0,2.0,0.0,0.0,1.0,0.0,,263518.0,38565.0,67.59,67.59,69.05,69.05,70.54,70.54,65.63,65.63,100.0,100.0
20200607,NAT_TOTAL,3.0,0.0,2.0,1.0,2.0,1.0,4.0,1.0,1.0,1.0,1.0,1.0,2.0,0.0,0.0,2.0,1.0,2.0,0.0,0.0,2.0,1.0,2.0,2.0,0.0,0.0,1.0,0.0,,264235.0,38619.0,67.59,67.59,69.05,69.05,70.54,70.54,65.63,65.63,100.0,100.0
20200608,NAT_TOTAL,3.0,0.0,2.0,1.0,2.0,1.0,4.0,1.0,1.0,1.0,1.0,1.0,2.0,0.0,2.0,2.0,1.0,2.0,0.0,0.0,2.0,1.0,2.0,2.0,0.0,0.0,1.0,0.0,,265321.0,38666.0,73.15,73.15,76.19,76.19,74.11,74.11,69.79,69.79,100.0,100.0
20200609,NAT_TOTAL,3.0,0.0,2.0,1.0,2.0,1.0,4.0,1.0,1.0,1.0,1.0,1.0,2.0,0.0,2.0,2.0,1.0,2.0,0.0,0.0,2.0,1.0,2.0,2.0,0.0,0.0,1.0,0.0,,266474.0,38861.0,73.15,73.15,76.19,76.19,74.11,74.11,69.79,69.79,100.0,100.0
20200610,NAT_TOTAL,3.0,0.0,2.0,1.0,2.0,1.0,4.0,1.0,1.0,1.0,1.0,1.0,2.0,0.0,2.0,2.0,1.0,2.0,0.0,0.0,2.0,1.0,2.0,2.0,0.0,0.0,1.0,0.0,,267656.0,39025.0,73.15,73.15,76.19,76.19,74.11,74.11,69.79,69.79,100.0,100.0
20200611,NAT_TOTAL,3.0,0.0,2.0,1.0,2.0,1.0,4.0,1.0,1.0,1.0,1.0,1.0,2.0,0.0,2.0,2.0,1.0,2.0,0.0,0.0,2.0,1.0,2.0,2.0,0.0,0.0,1.0,0.0,,268657.0,39101.0,73.15,73.15,76.19,76.19,74.11,74.11,69.79,69.79,100.0,100.0
20200612,NAT_TOTAL,3.0,0.0,2.0,1.0,2.0,1.0,4.0,1.0,1.0,1.0,1.0,1.0,2.0,0.0,2.0,2.0,1.0,2.0,0.0,0.0,2.0,1.0,2.0,2.0,0.0,0.0,1.0,0.0,,269710.0,39232.0,73.15,73.15,76.19,76.19,74.11,74.11,69.79,69.79,100.0,100.0
20200613,NAT_TOTAL,3.0,0.0,2.0,1.0,2.0,1.0,4.0,1.0,1.0,1.0,1.0,1.0,2.0,0.0,2.0,2.0,1.0,2.0,0.0,0.0,2.0,1.0,2.0,2.0,0.0,0.0,1.0,0.0,,270597.0,39339.0,73.15,73.15,76.19,76.19,74.11,74.11,69.79,69.79,100.0,100.0
20200614,NAT_TOTAL,3.0,0.0,2.0,1.0,2.0,1.0,4.0,1.0,1.0,1.0,1.0,1.0,2.0,0.0,2.0,2.0,1.0,2.0,0.0,0.0,2.0,1.0,2.0,2.0,0.0,0.0,1.0,0.0,,271404.0,39366.0,73.15,73.15,76.19,76.19,74.11,74.11,69.79,69.79,100.0,100.0
20200615,NAT_TOTAL,3.0,0.0,2.0,1.0,2.0,1.0,4.0,1.0,1.0,1.0,1.0,0.0,2.0,0.0,2.0,2.0,1.0,2.0,0.0,0.0,2.0,1.0,2.0,2.0,0.0,0.0,1.0,0.0,,272430.0,39395.0,71.3,71.3,76.19,76.19,72.92,72.92,68.4,68.4,100.0,100.0
20200616,NAT_TOTAL,3.0,0.0,2.0,1.0,2.0,1.0,4.0,1.0,1.0,1.0,1.0,0.0,2.0,0.0,2.0,2.0,1.0,2.0,0.0,0.0,2.0,1.0,2.0,2.0,0.0,0.0,1.0,0.0,,273507.0,39515.0,71.3,71.3,76.19,76.19,72.92,72.92,68.4,68.4,100.0,100.0
20200617,NAT_TOTAL,3.0,0.0,2.0,1.0,2.0,1.0,4.0,1.0,1.0,1.0,1.0,0.0,2.0,0.0,2.0,2.0,1.0,2.0,0.0,0.0,2.0,1.0,2.0,2.0,0.0,0.0,1.0,0.0,,274504.0,39625.0,71.3,71.3,76.19,76.19,72.92,72.92,68.4,68.4,100.0,100.0
20200618,NAT_TOTAL,3.0,0.0,2.0,1.0,2.0,1.0,4.0,1.0,1.0,1.0,1.0,0.0,2.0,0.0,2.0,2.0,1.0,2.0,0.0,0.0,2.0,1.0,2.0,2.0,0.0,0.0,1.0,0.0,,275524.0,39692.0,71.3,71.3,76.19,76.19,72.92,72.92,68.4,68.4,100.0,100.0
20200619,NAT_TOTAL,3.0,0.0,2.0,1.0,2.0,1.0,4.0,1.0,1.0,1.0,1.0,0.0,2.0,0.0,2.0,2.0,1.0,2.0,0.0,0.0,2.0,1.0,2.0,2.0,0.0,0.0,1.0,0.0,,276504.0,39776.0,71.3,71.3,76.19,76.19,72.92,72.92,68.4,68.4,100.0,100.0
20200620,NAT_TOTAL,3.0,0.0,2.0,1.0,2.0,1.0,4.0,1.0,1.0,1.0,1.0,0.0,2.0,0.0,2.0,2.0,1.0,2.0,0.0,0.0,2.0,1.0,2.0,2.0,0.0,0.0,1.0,0.0,,277170.0,39847.0,71.3,71.3,76.19,76.19,72.92,72.92,68.4,68.4,100.0,100.0
20200621,NAT_TOTAL,3.0,0.0,2.0,1.0,2.0,1.0,4.0,1.0,1.0,1.0,1.0,0.0,2.0,0.0,2.0,2.0,1.0,2.0,0.0,0.0,2.0,1.0,2.0,2.0,0.0,0.0,1.0,0.0,,277792.0,39878.0,71.3,71.3,76.19,76.19,72.92,72.92,68.4,68.4,100.0,100.0
20200622,NAT_TOTAL,3.0,0.0,2.0,1.0,2.0,1.0,4.0,1.0,1.0,1.0,1.0,0.0,2.0,0.0,2.0,2.0,1.0,2.0,0.0,0.0,2.0,1.0,2.0,2.0,0.0,0.0,2.0,0.0,,278684.0,39892.0,71.3,71.3,76.19,76.19,74.7,74.7,70.49,70.49,100.0,100.0
20200623,NAT_TOTAL,3.0,0.0,2.0,1.0,2.0,1.0,4.0,1.0,1.0,1.0,1.0,0.0,2.0,0.0,2.0,2.0,1.0,2.0,0.0,0.0,2.0,1.0,2.0,2.0,0.0,0.0,2.0,0.0,,279566.0,39986.0,71.3,71.3,76.19,76.19,74.7,74.7,70.49,70.49,100.0,100.0
20200624,NAT_TOTAL,3.0,0.0,2.0,1.0,2.0,1.0,4.0,1.0,1.0,1.0,1.0,0.0,2.0,0.0,2.0,2.0,1.0,2.0,0.0,0.0,2.0,1.0,2.0,2.0,0.0,0.0,2.0,0.0,,280340.0,40073.0,71.3,71.3,76.19,76.19,74.7,74.7,70.49,70.49,100.0,100.0
20200625,NAT_TOTAL,3.0,0.0,2.0,1.0,2.0,1.0,4.0,1.0,1.0,1.0,1.0,0.0,2.0,0.0,2.0,2.0,1.0,2.0,0.0,0.0,2.0,1.0,2.0,2.0,0.0,0.0,2.0,0.0,,281037.0,40172.0,71.3,71.3,76.19,76.19,74.7,74.7,70.49,70.49,100.0,100.0
20200626,NAT_TOTAL,3.0,0.0,2.0,1.0,2.0,1.0,4.0,1.0,1.0,1.0,1.0,0.0,2.0,0.0,2.0,2.0,1.0,2.0,0.0,0.0,2.0,1.0,2.0,2.0,0.0,0.0,2.0,0.0,,281675.0,40249.0,71.3,71.3,76.19,76.19,74.7,74.7,70.49,70.49,100.0,100.0
20200627,NAT_TOTAL,3.0,0.0,2.0,1.0,2.0,1.0,4.0,1.0,1.0,1.0,1.0,0.0,2.0,0.0,2.0,2.0,1.0,2.0,0.0,0.0,2.0,1.0,2.0,2.0,0.0,0.0,2.0,0.0,,282308.0,40289.0,71.3,71.3,76.19,76.19,74.7,74.7,70.49,70.49,100.0,100.0
20200628,NAT_TOTAL,3.0,0.0,2.0,1.0,2.0,1.0,4.0,1.0,1.0,1.0,1.0,0.0,2.0,0.0,2.0,2.0,1.0,2.0,0.0,0.0,2.0,1.0,2.0,2.0,0.0,0.0,2.0,0.0,,282703.0,40320.0,71.3,71.3,76.19,76.19,74.7,74.7,70.49,70.49,100.0,100.0
20200629,NAT_TOTAL,3.0,0.0,2.0,1.0,2.0,1.0,4.0,1.0,1.0,1.0,1.0,0.0,2.0,0.0,2.0,2.0,1.0,2.0,0.0,0.0,2.0,1.0,2.0,2.0,0.0,0.0,2.0,0.0,,283307.0,40341.0,71.3,71.3,76.19,76.19,74.7,74.7,70.49,70.49,100.0,100.0
20200630,NAT_TOTAL,3.0,0.0,2.0,1.0,2.0,1.0,4.0,1.0,1.0,1.0,1.0,0.0,2.0,0.0,2.0,2.0,1.0,2.0,0.0,0.0,2.0,1.0,2.0,2.0,0.0,0.0,2.0,0.0,,283710.0,40394.0,71.3,71.3,76.19,76.19,74.7,74.7,70.49,70.49,100.0,100.0
20200701,NAT_TOTAL,3.0,0.0,2.0,1.0,2.0,1.0,4.0,1.0,1.0,1.0,1.0,0.0,2.0,0.0,2.0,2.0,1.0,2.0,0.0,0.0,2.0,1.0,2.0,2.0,0.0,0.0,2.0,0.0,,283770.0,40491.0,71.3,71.3,76.19,76.19,74.7,74.7,70.49,70.49,100.0,100.0
20200702,NAT_TOTAL,3.0,0.0,2.0,1.0,2.0,1.0,4.0,1.0,1.0,1.0,1.0,0.0,2.0,0.0,2.0,2.0,1.0,2.0,0.0,0.0,2.0,1.0,2.0,2.0,0.0,0.0,2.0,0.0,,283774.0,40532.0,71.3,71.3,76.19,76.19,74.7,74.7,70.49,70.49,100.0,100.0
20200703,NAT_TOTAL,3.0,0.0,2.0,1.0,2.0,1.0,4.0,1.0,1.0,1.0,1.0,0.0,2.0,0.0,2.0,2.0,1.0,2.0,0.0,0.0,2.0,1.0,2.0,2.0,0.0,0.0,2.0,0.0,,284276.0,40581.0,71.3,71.3,76.19,76.19,74.7,74.7,70.49,70.49,100.0,100.0
20200704,NAT_TOTAL,3.0,0.0,2.0,1.0,2.0,1.0,4.0,0.0,1.0,1.0,1.0,0.0,2.0,0.0,2.0,2.0,1.0,2.0,0.0,0.0,2.0,1.0,2.0,2.0,0.0,0.0,2.0,0.0,,284900.0,40613.0,69.91,69.91,76.19,76.19,73.81,73.81,69.44,69.44,100.0,100.0
20200705,NAT_TOTAL,3.0,0.0,2.0,1.0,2.0,1.0,4.0,0.0,1.0,1.0,1.0,0.0,2.0,0.0,2.0,2.0,1.0,2.0,0.0,0.0,2.0,1.0,2.0,2.0,0.0,0.0,2.0,0.0,,285416.0,40632.0,69.91,69.91,76.19,76.19,73.81,73.81,69.44,69.44,100.0,100.0
20200706,NAT_TOTAL,3.0,0.0,2.0,1.0,2.0,1.0,4.0,0.0,1.0,1.0,1.0,0.0,1.0,0.0,2.0,2.0,1.0,2.0,0.0,0.0,2.0,1.0,2.0,2.0,0.0,0.0,2.0,0.0,,285768.0,40643.0,64.35,64.35,71.43,71.43,70.24,70.24,65.28,65.28,100.0,100.0
20200707,NAT_TOTAL,3.0,0.0,2.0,1.0,2.0,1.0,4.0,0.0,1.0,1.0,1.0,0.0,1.0,0.0,2.0,2.0,1.0,2.0,37600000000.0,0.0,2.0,1.0,2.0,2.0,0.0,0.0,2.0,0.0,,286349.0,40697.0,64.35,64.35,71.43,71.43,70.24,70.24,65.28,65.28,100.0,100.0
20200708,NAT_TOTAL,3.0,0.0,2.0,1.0,2.0,1.0,4.0,0.0,1.0,1.0,1.0,0.0,1.0,0.0,2.0,2.0,1.0,2.0,0.0,0.0,2.0,1.0,2.0,2.0,0.0,0.0,2.0,0.0,,286979.0,40754.0,64.35,64.35,71.43,71.43,70.24,70.24,65.28,65.28,100.0,100.0
20200709,NAT_TOTAL,3.0,0.0,2.0,1.0,2.0,1.0,4.0,0.0,1.0,1.0,1.0,0.0,1.0,0.0,2.0,2.0,1.0,2.0,0.0,0.0,2.0,1.0,2.0,2.0,0.0,0.0,2.0,0.0,,287621.0,40785.0,64.35,64.35,71.43,71.43,70.24,70.24,65.28,65.28,100.0,100.0
20200710,NAT_TOTAL,3.0,0.0,2.0,1.0,2.0,1.0,4.0,0.0,1.0,1.0,1.0,0.0,1.0,0.0,2.0,2.0,1.0,2.0,0.0,0.0,2.0,1.0,2.0,2.0,0.0,0.0,2.0,0.0,,288133.0,40819.0,64.35,64.35,71.43,71.43,70.24,70.24,65.28,65.28,100.0,100.0
20200711,NAT_TOTAL,3.0,0.0,2.0,1.0,2.0,1.0,4.0,0.0,1.0,1.0,1.0,0.0,1.0,0.0,2.0,2.0,1.0,2.0,0.0,0.0,2.0,1.0,2.0,2.0,0.0,0.0,2.0,0.0,,288953.0,40836.0,64.35,64.35,71.43,71.43,70.24,70.24,65.28,65.28,100.0,100.0
20200712,NAT_TOTAL,3.0,0.0,2.0,1.0,2.0,1.0,4.0,0.0,1.0,1.0,1.0,0.0,1.0,0.0,2.0,2.0,1.0,2.0,0.0,0.0,2.0,1.0,2.0,2.0,0.0,0.0,2.0,0.0,,289603.0,40845.0,64.35,64.35,71.43,71.43,70.24,70.24,65.28,65.28,100.0,100.0
20200713,NAT_TOTAL,3.0,0.0,2.0,1.0,2.0,1.0,4.0,0.0,1.0,1.0,1.0,0.0,1.0,0.0,2.0,2.0,1.0,2.0,0.0,0.0,2.0,1.0,2.0,2.0,0.0,0.0,2.0,0.0,,290133.0,40855.0,64.35,64.35,71.43,71.43,70.24,70.24,65.28,65.28,100.0,100.0
20200714,NAT_TOTAL,3.0,0.0,2.0,1.0,2.0,1.0,4.0,0.0,1.0,1.0,1.0,0.0,1.0,0.0,2.0,2.0,1.0,2.0,0.0,0.0,2.0,1.0,2.0,2.0,0.0,0.0,2.0,0.0,,291373.0,40899.0,64.35,64.35,71.43,71.43,70.24,70.24,65.28,65.28,100.0,100.0
20200715,NAT_TOTAL,3.0,0.0,2.0,1.0,2.0,1.0,4.0,0.0,1.0,1.0,1.0,0.0,1.0,0.0,2.0,2.0,1.0,2.0,0.0,0.0,2.0,1.0,2.0,2.0,0.0,0.0,2.0,0.0,,291911.0,40925.0,64.35,64.35,71.43,71.43,70.24,70.24,65.28,65.28,100.0,100.0
20200716,NAT_TOTAL,3.0,0.0,2.0,1.0,2.0,1.0,4.0,0.0,1.0,1.0,1.0,0.0,1.0,0.0,2.0,2.0,1.0,2.0,0.0,0.0,2.0,1.0,2.0,2.0,0.0,0.0,2.0,0.0,,292552.0,40949.0,64.35,64.35,71.43,71.43,70.24,70.24,65.28,65.28,100.0,100.0
20200717,NAT_TOTAL,3.0,0.0,2.0,1.0,2.0,1.0,4.0,0.0,1.0,1.0,1.0,0.0,1.0,0.0,2.0,2.0,1.0,2.0,0.0,0.0,2.0,1.0,2.0,2.0,0.0,0.0,2.0,0.0,,293239.0,40975.0,64.35,64.35,71.43,71.43,70.24,70.24,65.28,65.28,100.0,100.0
20200718,NAT_TOTAL,3.0,0.0,2.0,1.0,2.0,1.0,4.0,0.0,1.0,1.0,1.0,0.0,1.0,0.0,2.0,2.0,1.0,2.0,0.0,0.0,2.0,1.0,2.0,2.0,0.0,0.0,2.0,0.0,,294066.0,40984.0,64.35,64.35,71.43,71.43,70.24,70.24,65.28,65.28,100.0,100.0
20200719,NAT_TOTAL,3.0,0.0,2.0,1.0,2.0,1.0,4.0,0.0,1.0,1.0,1.0,0.0,1.0,0.0,2.0,2.0,1.0,2.0,0.0,0.0,2.0,1.0,2.0,2.0,0.0,0.0,2.0,0.0,,294792.0,40995.0,64.35,64.35,71.43,71.43,70.24,70.24,65.28,65.28,100.0,100.0
20200720,NAT_TOTAL,3.0,0.0,2.0,1.0,2.0,1.0,4.0,0.0,1.0,1.0,1.0,0.0,1.0,0.0,2.0,2.0,1.0,2.0,0.0,0.0,2.0,1.0,2.0,2.0,0.0,0.0,2.0,0.0,,295372.0,41005.0,64.35,64.35,71.43,71.43,70.24,70.24,65.28,65.28,100.0,100.0
20200721,NAT_TOTAL,3.0,0.0,2.0,1.0,2.0,1.0,4.0,0.0,1.0,1.0,1.0,0.0,1.0,0.0,2.0,2.0,1.0,2.0,0.0,0.0,2.0,1.0,2.0,2.0,0.0,0.0,2.0,0.0,,295817.0,41030.0,64.35,64.35,71.43,71.43,70.24,70.24,65.28,65.28,100.0,100.0
20200722,NAT_TOTAL,3.0,0.0,2.0,1.0,2.0,1.0,4.0,0.0,1.0,1.0,1.0,0.0,1.0,0.0,2.0,2.0,1.0,2.0,0.0,0.0,2.0,1.0,2.0,2.0,0.0,0.0,2.0,0.0,,296377.0,41047.0,64.35,64.35,71.43,71.43,70.24,70.24,65.28,65.28,100.0,100.0
20200723,NAT_TOTAL,3.0,0.0,2.0,1.0,2.0,1.0,4.0,0.0,1.0,1.0,1.0,0.0,1.0,0.0,2.0,2.0,1.0,2.0,0.0,0.0,2.0,1.0,2.0,2.0,0.0,0.0,2.0,0.0,,297146.0,41056.0,64.35,64.35,71.43,71.43,70.24,70.24,65.28,65.28,100.0,100.0
20200724,NAT_TOTAL,3.0,0.0,2.0,1.0,2.0,1.0,4.0,0.0,1.0,1.0,1.0,0.0,1.0,0.0,2.0,2.0,1.0,2.0,0.0,0.0,2.0,1.0,2.0,2.0,0.0,0.0,2.0,0.0,,297914.0,41088.0,64.35,64.35,71.43,71.43,70.24,70.24,65.28,65.28,100.0,100.0
20200725,NAT_TOTAL,3.0,0.0,2.0,1.0,2.0,1.0,4.0,0.0,1.0,1.0,1.0,0.0,1.0,0.0,2.0,2.0,1.0,2.0,0.0,0.0,2.0,1.0,2.0,2.0,0.0,0.0,2.0,0.0,,298681.0,41103.0,64.35,64.35,71.43,71.43,70.24,70.24,65.28,65.28,100.0,100.0
20200726,NAT_TOTAL,3.0,0.0,2.0,1.0,2.0,1.0,4.0,0.0,1.0,1.0,1.0,0.0,1.0,0.0,2.0,2.0,1.0,2.0,0.0,0.0,2.0,1.0,2.0,2.0,0.0,0.0,2.0,0.0,,299426.0,41111.0,64.35,64.35,71.43,71.43,70.24,70.24,65.28,65.28,100.0,100.0
20200727,NAT_TOTAL,3.0,0.0,2.0,1.0,2.0,1.0,4.0,0.0,1.0,1.0,1.0,0.0,1.0,0.0,2.0,2.0,1.0,2.0,0.0,0.0,2.0,1.0,2.0,2.0,0.0,0.0,2.0,0.0,,300111.0,41114.0,64.35,64.35,71.43,71.43,70.24,70.24,65.28,65.28,100.0,100.0
20200728,NAT_TOTAL,3.0,0.0,2.0,1.0,2.0,1.0,4.0,0.0,1.0,1.0,1.0,0.0,1.0,0.0,2.0,2.0,1.0,2.0,0.0,0.0,2.0,1.0,2.0,2.0,0.0,0.0,2.0,0.0,,300658.0,41135.0,64.35,64.35,71.43,71.43,70.24,70.24,65.28,65.28,100.0,100.0
20200729,NAT_TOTAL,3.0,0.0,2.0,1.0,2.0,1.0,4.0,0.0,1.0,1.0,1.0,0.0,1.0,0.0,2.0,2.0,1.0,2.0,0.0,0.0,2.0,1.0,2.0,2.0,0.0,0.0,2.0,0.0,,301455.0,41169.0,64.35,64.35,71.43,71.43,70.24,70.24,65.28,65.28,100.0,100.0
20200730,NAT_TOTAL,3.0,0.0,2.0,1.0,2.0,1.0,4.0,0.0,1.0,1.0,1.0,0.0,1.0,0.0,2.0,2.0,1.0,2.0,15302180.0,0.0,2.0,1.0,2.0,2.0,0.0,0.0,2.0,0.0,,302301.0,41169.0,64.35,64.35,71.43,71.43,70.24,70.24,65.28,65.28,100.0,100.0
20200731,NAT_TOTAL,3.0,0.0,2.0,1.0,2.0,1.0,4.0,0.0,1.0,1.0,1.0,0.0,1.0,0.0,2.0,2.0,1.0,2.0,0.0,0.0,2.0,1.0,2.0,2.0,0.0,0.0,2.0,0.0,,303181.0,41189.0,64.35,64.35,71.43,71.43,70.24,70.24,65.28,65.28,100.0,100.0
20200801,NAT_TOTAL,3.0,0.0,2.0,1.0,2.0,1.0,4.0,0.0,1.0,1.0,1.0,0.0,2.0,0.0,2.0,2.0,1.0,2.0,0.0,0.0,2.0,1.0,2.0,2.0,0.0,0.0,2.0,0.0,,303942.0,41202.0,69.91,69.91,76.19,76.19,73.81,73.81,69.44,69.44,100.0,100.0
20200802,NAT_TOTAL,3.0,0.0,2.0,1.0,2.0,1.0,4.0,0.0,1.0,1.0,1.0,0.0,2.0,0.0,2.0,2.0,1.0,2.0,0.0,0.0,2.0,1.0,2.0,2.0,0.0,0.0,2.0,0.0,,304685.0,41207.0,69.91,69.91,76.19,76.19,73.81,73.81,69.44,69.44,100.0,100.0
20200803,NAT_TOTAL,3.0,0.0,2.0,1.0,2.0,1.0,4.0,0.0,1.0,1.0,1.0,0.0,2.0,0.0,2.0,2.0,1.0,2.0,15302180.0,0.0,2.0,1.0,2.0,2.0,0.0,29074142.0,2.0,0.0,,305623.0,41208.0,69.91,69.91,76.19,76.19,73.81,73.81,69.44,69.44,100.0,100.0
20200804,NAT_TOTAL,3.0,0.0,2.0,1.0,2.0,1.0,4.0,0.0,1.0,1.0,1.0,0.0,2.0,0.0,2.0,2.0,1.0,2.0,0.0,0.0,2.0,1.0,2.0,2.0,0.0,0.0,2.0,0.0,,306293.0,41226.0,69.91,69.91,76.19,76.19,73.81,73.81,69.44,69.44,100.0,100.0
20200805,NAT_TOTAL,3.0,0.0,2.0,1.0,2.0,1.0,4.0,0.0,1.0,1.0,1.0,0.0,2.0,0.0,2.0,2.0,1.0,2.0,0.0,0.0,2.0,1.0,2.0,2.0,0.0,0.0,2.0,0.0,,307184.0,41240.0,69.91,69.91,76.19,76.19,73.81,73.81,69.44,69.44,100.0,100.0
20200806,NAT_TOTAL,3.0,0.0,2.0,1.0,2.0,1.0,4.0,0.0,1.0,1.0,1.0,0.0,2.0,0.0,2.0,2.0,1.0,2.0,0.0,0.0,2.0,1.0,2.0,2.0,0.0,0.0,2.0,0.0,,308134.0,41258.0,69.91,69.91,76.19,76.19,73.81,73.81,69.44,69.44,100.0,100.0
20200807,NAT_TOTAL,3.0,0.0,2.0,1.0,2.0,1.0,4.0,0.0,1.0,1.0,1.0,0.0,2.0,0.0,2.0,2.0,1.0,2.0,0.0,0.0,2.0,1.0,2.0,2.0,0.0,0.0,2.0,0.0,,309005.0,41270.0,69.91,69.91,76.19,76.19,73.81,73.81,69.44,69.44,100.0,100.0
20200808,NAT_TOTAL,3.0,0.0,2.0,1.0,2.0,1.0,4.0,0.0,1.0,1.0,1.0,0.0,2.0,0.0,2.0,2.0,1.0,2.0,0.0,0.0,2.0,1.0,2.0,2.0,0.0,0.0,2.0,0.0,,309763.0,41273.0,69.91,69.91,76.19,76.19,73.81,73.81,69.44,69.44,100.0,100.0
20200809,NAT_TOTAL,3.0,0.0,2.0,1.0,2.0,1.0,4.0,0.0,1.0,1.0,1.0,0.0,2.0,0.0,2.0,2.0,1.0,2.0,0.0,0.0,2.0,1.0,2.0,2.0,0.0,0.0,2.0,0.0,,310825.0,41278.0,69.91,69.91,76.19,76.19,73.81,73.81,69.44,69.44,100.0,100.0
20200810,NAT_TOTAL,3.0,0.0,2.0,1.0,2.0,1.0,4.0,0.0,1.0,1.0,1.0,0.0,2.0,0.0,2.0,2.0,1.0,2.0,0.0,0.0,2.0,1.0,2.0,2.0,0.0,0.0,2.0,0.0,,311641.0,41296.0,69.91,69.91,76.19,76.19,73.81,73.81,69.44,69.44,100.0,100.0
20200811,NAT_TOTAL,3.0,0.0,2.0,1.0,2.0,1.0,4.0,0.0,1.0,1.0,1.0,0.0,2.0,0.0,2.0,2.0,1.0,2.0,0.0,0.0,2.0,1.0,2.0,2.0,0.0,0.0,2.0,0.0,,312789.0,41309.0,69.91,69.91,76.19,76.19,73.81,73.81,69.44,69.44,100.0,100.0
20200812,NAT_TOTAL,3.0,0.0,2.0,1.0,2.0,1.0,4.0,0.0,1.0,1.0,1.0,0.0,2.0,0.0,2.0,2.0,1.0,2.0,0.0,0.0,2.0,1.0,2.0,2.0,0.0,0.0,2.0,0.0,,313798.0,41329.0,69.91,69.91,76.19,76.19,73.81,73.81,69.44,69.44,100.0,100.0
20200813,NAT_TOTAL,2.0,0.0,2.0,1.0,2.0,1.0,4.0,0.0,1.0,1.0,1.0,0.0,2.0,0.0,2.0,2.0,1.0,2.0,0.0,0.0,2.0,1.0,2.0,2.0,0.0,0.0,2.0,0.0,,314927.0,41347.0,66.2,66.2,72.62,72.62,71.43,71.43,66.67,66.67,100.0,100.0
20200814,NAT_TOTAL,2.0,0.0,2.0,1.0,2.0,1.0,4.0,0.0,1.0,1.0,1.0,0.0,2.0,0.0,2.0,2.0,1.0,2.0,0.0,0.0,2.0,1.0,2.0,2.0,0.0,0.0,2.0,0.0,,316367.0,41358.0,66.2,66.2,72.62,72.62,71.43,71.43,66.67,66.67,100.0,100.0
20200815,NAT_TOTAL,2.0,0.0,2.0,1.0,2.0,1.0,4.0,0.0,1.0,1.0,1.0,0.0,2.0,0.0,2.0,2.0,1.0,2.0,0.0,0.0,2.0,1.0,2.0,2.0,0.0,0.0,2.0,0.0,,317379.0,41361.0,66.2,66.2,72.62,72.62,71.43,71.43,66.67,66.67,100.0,100.0
20200816,NAT_TOTAL,2.0,0.0,2.0,1.0,2.0,1.0,4.0,0.0,1.0,1.0,1.0,0.0,2.0,0.0,2.0,2.0,1.0,2.0,0.0,0.0,2.0,1.0,2.0,2.0,0.0,0.0,2.0,0.0,,318484.0,41366.0,66.2,66.2,72.62,72.62,71.43,71.43,66.67,66.67,100.0,100.0
20200817,NAT_TOTAL,2.0,0.0,2.0,1.0,2.0,1.0,4.0,0.0,1.0,1.0,1.0,0.0,2.0,0.0,2.0,2.0,1.0,2.0,0.0,0.0,2.0,1.0,2.0,2.0,0.0,0.0,2.0,0.0,,319197.0,41369.0,66.2,66.2,72.62,72.62,71.43,71.43,66.67,66.67,100.0,100.0
20200818,NAT_TOTAL,2.0,0.0,2.0,1.0,2.0,1.0,4.0,0.0,1.0,1.0,1.0,0.0,2.0,0.0,2.0,2.0,1.0,2.0,0.0,0.0,2.0,1.0,2.0,2.0,0.0,0.0,2.0,0.0,,320286.0,41381.0,66.2,66.2,72.62,72.62,71.43,71.43,66.67,66.67,100.0,100.0
20200819,NAT_TOTAL,2.0,0.0,2.0,1.0,2.0,1.0,4.0,0.0,1.0,1.0,1.0,0.0,2.0,0.0,2.0,2.0,1.0,2.0,0.0,0.0,2.0,1.0,2.0,2.0,0.0,0.0,2.0,0.0,,321098.0,41397.0,66.2,66.2,72.62,72.62,71.43,71.43,66.67,66.67,100.0,100.0
20200820,NAT_TOTAL,2.0,0.0,2.0,1.0,2.0,1.0,4.0,0.0,1.0,1.0,1.0,0.0,2.0,0.0,2.0,2.0,1.0,2.0,0.0,0.0,2.0,1.0,2.0,2.0,0.0,0.0,2.0,0.0,,322280.0,41403.0,66.2,66.2,72.62,72.62,71.43,71.43,66.67,66.67,100.0,100.0
20200821,NAT_TOTAL,2.0,0.0,2.0,1.0,2.0,1.0,4.0,0.0,1.0,1.0,1.0,0.0,2.0,0.0,2.0,2.0,1.0,2.0,0.0,0.0,2.0,1.0,2.0,2.0,0.0,0.0,2.0,0.0,,323313.0,41405.0,66.2,66.2,72.62,72.62,71.43,71.43,66.67,66.67,100.0,100.0
20200822,NAT_TOTAL,2.0,0.0,2.0,1.0,2.0,1.0,4.0,0.0,1.0,1.0,1.0,0.0,2.0,0.0,2.0,2.0,1.0,2.0,0.0,0.0,2.0,1.0,2.0,2.0,0.0,0.0,2.0,0.0,,324601.0,41423.0,66.2,66.2,72.62,72.62,71.43,71.43,66.67,66.67,100.0,100.0
20200823,NAT_TOTAL,2.0,0.0,2.0,1.0,2.0,1.0,4.0,0.0,1.0,1.0,1.0,0.0,2.0,0.0,2.0,2.0,1.0,2.0,0.0,0.0,2.0,1.0,2.0,2.0,0.0,0.0,2.0,0.0,,325642.0,41429.0,66.2,66.2,72.62,72.62,71.43,71.43,66.67,66.67,100.0,100.0
20200824,NAT_TOTAL,2.0,0.0,2.0,1.0,2.0,1.0,4.0,0.0,1.0,1.0,1.0,0.0,2.0,0.0,2.0,2.0,1.0,2.0,0.0,0.0,2.0,1.0,2.0,2.0,0.0,0.0,2.0,0.0,,326614.0,41433.0,66.2,66.2,72.62,72.62,71.43,71.43,66.67,66.67,100.0,100.0
20200825,NAT_TOTAL,2.0,0.0,2.0,1.0,2.0,1.0,4.0,0.0,1.0,1.0,1.0,0.0,2.0,0.0,2.0,2.0,1.0,2.0,0.0,0.0,2.0,1.0,2.0,2.0,0.0,0.0,2.0,0.0,,327798.0,41449.0,66.2,66.2,72.62,72.62,71.43,71.43,66.67,66.67,100.0,100.0
20200826,NAT_TOTAL,2.0,0.0,2.0,1.0,2.0,1.0,4.0,0.0,1.0,1.0,1.0,0.0,2.0,0.0,2.0,2.0,1.0,2.0,0.0,0.0,2.0,1.0,2.0,2.0,0.0,0.0,2.0,0.0,,328846.0,41465.0,66.2,66.2,72.62,72.62,71.43,71.43,66.67,66.67,100.0,100.0
20200827,NAT_TOTAL,2.0,0.0,2.0,1.0,2.0,1.0,4.0,0.0,1.0,1.0,1.0,0.0,2.0,0.0,2.0,2.0,1.0,2.0,0.0,0.0,2.0,1.0,2.0,2.0,0.0,0.0,2.0,0.0,,330368.0,41477.0,66.2,66.2,72.62,72.62,71.43,71.43,66.67,66.67,100.0,100.0
20200828,NAT_TOTAL,2.0,0.0,2.0,1.0,2.0,1.0,4.0,0.0,1.0,1.0,1.0,0.0,2.0,0.0,2.0,2.0,1.0,2.0,0.0,0.0,2.0,1.0,2.0,2.0,0.0,0.0,2.0,0.0,,331644.0,41486.0,66.2,66.2,72.62,72.62,71.43,71.43,66.67,66.67,100.0,100.0
20200829,NAT_TOTAL,2.0,0.0,2.0,1.0,2.0,1.0,4.0,0.0,1.0,1.0,1.0,0.0,2.0,0.0,2.0,2.0,1.0,2.0,0.0,186920130.0,2.0,1.0,2.0,2.0,0.0,0.0,2.0,0.0,,332752.0,41498.0,66.2,66.2,72.62,72.62,71.43,71.43,66.67,66.67,100.0,100.0
20200830,NAT_TOTAL,2.0,0.0,2.0,1.0,2.0,1.0,4.0,0.0,1.0,1.0,1.0,0.0,2.0,0.0,2.0,2.0,1.0,2.0,0.0,0.0,2.0,1.0,2.0,1.0,0.0,0.0,2.0,0.0,,334467.0,41499.0,66.2,66.2,72.62,72.62,67.86,67.86,62.5,62.5,100.0,100.0
20200831,NAT_TOTAL,2.0,0.0,2.0,1.0,2.0,1.0,4.0,0.0,1.0,1.0,1.0,0.0,2.0,0.0,2.0,2.0,1.0,2.0,0.0,0.0,2.0,1.0,2.0,1.0,0.0,0.0,2.0,0.0,,335873.0,41501.0,66.2,66.2,72.62,72.62,67.86,67.86,62.5,62.5,100.0,100.0
20200901,NAT_TOTAL,1.0,1.0,2.0,1.0,2.0,1.0,4.0,0.0,1.0,1.0,1.0,0.0,2.0,0.0,2.0,2.0,1.0,2.0,0.0,0.0,2.0,1.0,2.0,1.0,0.0,0.0,2.0,0.0,,337168.0,41504.0,64.35,64.35,72.62,72.62,66.67,66.67,61.11,61.11,100.0,100.0
20200902,NAT_TOTAL,1.0,1.0,2.0,1.0,2.0,1.0,4.0,0.0,1.0,1.0,1.0,0.0,2.0,0.0,2.0,2.0,1.0,2.0,0.0,158429444.0,2.0,1.0,2.0,1.0,0.0,0.0,2.0,0.0,,338676.0,41514.0,64.35,64.35,72.62,72.62,66.67,66.67,61.11,61.11,100.0,100.0
20200903,NAT_TOTAL,1.0,1.0,2.0,1.0,2.0,1.0,4.0,0.0,1.0,1.0,1.0,0.0,2.0,0.0,2.0,2.0,1.0,2.0,0.0,0.0,2.0,1.0,2.0,1.0,0.0,0.0,2.0,0.0,,340411.0,41527.0,64.35,64.35,72.62,72.62,66.67,66.67,61.11,61.11,100.0,100.0
20200904,NAT_TOTAL,1.0,1.0,2.0,1.0,2.0,1.0,4.0,0.0,1.0,1.0,1.0,0.0,2.0,0.0,2.0,2.0,1.0,2.0,0.0,0.0,2.0,1.0,2.0,1.0,0.0,0.0,2.0,0.0,,342351.0,41537.0,64.35,64.35,72.62,72.62,66.67,66.67,61.11,61.11,100.0,100.0
20200905,NAT_TOTAL,1.0,1.0,2.0,1.0,2.0,1.0,4.0,0.0,1.0,1.0,1.0,0.0,2.0,0.0,2.0,2.0,1.0,2.0,0.0,9247426.0,2.0,1.0,2.0,1.0,0.0,0.0,2.0,0.0,,344164.0,41549.0,64.35,64.35,72.62,72.62,66.67,66.67,61.11,61.11,100.0,100.0
20200906,NAT_TOTAL,1.0,1.0,2.0,1.0,2.0,1.0,4.0,0.0,1.0,1.0,1.0,0.0,2.0,0.0,2.0,2.0,1.0,2.0,0.0,0.0,2.0,1.0,2.0,1.0,0.0,0.0,2.0,0.0,,347152.0,41551.0,64.35,64.35,72.62,72.62,66.67,66.67,61.11,61.11,100.0,100.0
20200907,NAT_TOTAL,1.0,1.0,2.0,1.0,2.0,1.0,4.0,0.0,1.0,1.0,1.0,0.0,2.0,0.0,2.0,2.0,1.0,2.0,0.0,0.0,2.0,1.0,2.0,1.0,0.0,0.0,2.0,0.0,,350100.0,41554.0,64.35,64.35,72.62,72.62,66.67,66.67,61.11,61.11,100.0,100.0
20200908,NAT_TOTAL,1.0,1.0,2.0,1.0,2.0,1.0,4.0,0.0,1.0,1.0,1.0,0.0,2.0,0.0,2.0,2.0,1.0,2.0,0.0,0.0,2.0,1.0,2.0,1.0,0.0,0.0,2.0,0.0,,352560.0,41586.0,64.35,64.35,72.62,72.62,66.67,66.67,61.11,61.11,100.0,100.0
20200909,NAT_TOTAL,1.0,1.0,2.0,1.0,2.0,1.0,4.0,0.0,1.0,1.0,1.0,0.0,2.0,0.0,2.0,2.0,1.0,2.0,0.0,0.0,2.0,1.0,2.0,1.0,0.0,0.0,2.0,0.0,,355219.0,41594.0,64.35,64.35,72.62,72.62,66.67,66.67,61.11,61.11,100.0,100.0
20200910,NAT_TOTAL,1.0,1.0,2.0,1.0,2.0,1.0,4.0,0.0,1.0,1.0,1.0,0.0,2.0,0.0,2.0,2.0,1.0,2.0,0.0,0.0,2.0,1.0,2.0,1.0,0.0,0.0,2.0,0.0,,358138.0,41608.0,64.35,64.35,72.62,72.62,66.67,66.67,61.11,61.11,100.0,100.0
20200911,NAT_TOTAL,1.0,1.0,2.0,1.0,2.0,1.0,4.0,0.0,1.0,1.0,1.0,0.0,2.0,0.0,2.0,2.0,1.0,2.0,0.0,0.0,2.0,1.0,2.0,1.0,0.0,0.0,2.0,0.0,,361677.0,41614.0,64.35,64.35,72.62,72.62,66.67,66.67,61.11,61.11,100.0,100.0
20200912,NAT_TOTAL,1.0,1.0,2.0,1.0,2.0,1.0,4.0,0.0,1.0,1.0,1.0,0.0,2.0,0.0,2.0,2.0,1.0,2.0,0.0,0.0,2.0,1.0,2.0,1.0,0.0,0.0,2.0,0.0,,365174.0,41623.0,64.35,64.35,72.62,72.62,66.67,66.67,61.11,61.11,100.0,100.0
20200913,NAT_TOTAL,1.0,1.0,2.0,1.0,2.0,1.0,4.0,0.0,1.0,1.0,1.0,0.0,2.0,0.0,2.0,2.0,1.0,2.0,0.0,0.0,2.0,1.0,2.0,1.0,0.0,0.0,2.0,0.0,,368504.0,41628.0,64.35,64.35,72.62,72.62,66.67,66.67,61.11,61.11,100.0,100.0
20200914,NAT_TOTAL,1.0,1.0,2.0,1.0,2.0,1.0,4.0,1.0,1.0,1.0,1.0,0.0,2.0,0.0,2.0,2.0,1.0,2.0,0.0,0.0,2.0,1.0,2.0,1.0,0.0,0.0,2.0,1.0,,371125.0,41637.0,65.74,65.74,72.62,72.62,68.45,68.45,63.19,63.19,100.0,100.0
20200915,NAT_TOTAL,1.0,1.0,2.0,1.0,2.0,1.0,4.0,1.0,1.0,1.0,1.0,0.0,2.0,0.0,2.0,2.0,1.0,2.0,0.0,0.0,2.0,1.0,2.0,1.0,0.0,0.0,2.0,1.0,,374228.0,41664.0,65.74,65.74,72.62,72.62,68.45,68.45,63.19,63.19,100.0,100.0
20200916,NAT_TOTAL,1.0,1.0,2.0,1.0,2.0,1.0,4.0,1.0,1.0,1.0,1.0,0.0,2.0,0.0,2.0,2.0,1.0,2.0,0.0,0.0,2.0,1.0,2.0,1.0,0.0,0.0,2.0,1.0,,378219.0,41684.0,65.74,65.74,72.62,72.62,68.45,68.45,63.19,63.19,100.0,100.0
20200917,NAT_TOTAL,1.0,1.0,2.0,1.0,2.0,1.0,4.0,1.0,1.0,1.0,1.0,0.0,2.0,0.0,2.0,2.0,1.0,2.0,0.0,0.0,2.0,1.0,2.0,1.0,0.0,0.0,2.0,1.0,,381614.0,41705.0,65.74,65.74,72.62,72.62,68.45,68.45,63.19,63.19,100.0,100.0
20200918,NAT_TOTAL,1.0,1.0,2.0,1.0,2.0,1.0,4.0,1.0,1.0,1.0,1.0,0.0,2.0,0.0,2.0,2.0,1.0,2.0,0.0,0.0,2.0,1.0,2.0,1.0,0.0,0.0,2.0,1.0,,385936.0,41732.0,65.74,65.74,72.62,72.62,68.45,68.45,63.19,63.19,100.0,100.0
20200919,NAT_TOTAL,1.0,1.0,2.0,1.0,2.0,1.0,4.0,1.0,1.0,1.0,1.0,0.0,2.0,0.0,2.0,2.0,1.0,2.0,0.0,0.0,2.0,1.0,2.0,1.0,0.0,0.0,2.0,1.0,,390358.0,41759.0,65.74,65.74,72.62,72.62,68.45,68.45,63.19,63.19,100.0,100.0
20200920,NAT_TOTAL,1.0,1.0,2.0,1.0,2.0,1.0,4.0,1.0,1.0,1.0,1.0,0.0,2.0,0.0,2.0,2.0,1.0,2.0,0.0,0.0,2.0,1.0,2.0,1.0,0.0,0.0,2.0,1.0,,394257.0,41777.0,65.74,65.74,72.62,72.62,68.45,68.45,63.19,63.19,100.0,100.0
20200921,NAT_TOTAL,1.0,1.0,2.0,1.0,2.0,1.0,4.0,1.0,1.0,1.0,1.0,0.0,2.0,0.0,2.0,2.0,1.0,2.0,0.0,0.0,2.0,1.0,2.0,1.0,0.0,0.0,2.0,1.0,,398625.0,41788.0,65.74,65.74,72.62,72.62,68.45,68.45,63.19,63.19,100.0,100.0
20200922,NAT_TOTAL,1.0,1.0,2.0,1.0,2.0,1.0,4.0,1.0,1.0,1.0,1.0,0.0,2.0,0.0,2.0,2.0,1.0,2.0,0.0,0.0,2.0,1.0,2.0,1.0,0.0,0.0,2.0,1.0,,403551.0,41825.0,65.74,65.74,72.62,72.62,68.45,68.45,63.19,63.19,100.0,100.0
20200923,NAT_TOTAL,1.0,1.0,2.0,1.0,2.0,1.0,4.0,1.0,1.0,1.0,1.0,0.0,2.0,0.0,2.0,2.0,1.0,2.0,0.0,0.0,2.0,1.0,2.0,1.0,0.0,0.0,2.0,1.0,,409729.0,41862.0,65.74,65.74,72.62,72.62,68.45,68.45,63.19,63.19,100.0,100.0
20200924,NAT_TOTAL,1.0,1.0,2.0,1.0,2.0,1.0,4.0,1.0,1.0,1.0,1.0,1.0,2.0,0.0,2.0,2.0,1.0,2.0,0.0,0.0,2.0,1.0,2.0,1.0,0.0,0.0,2.0,1.0,,416363.0,41902.0,67.59,67.59,72.62,72.62,69.64,69.64,64.58,64.58,100.0,100.0
20200925,NAT_TOTAL,1.0,1.0,2.0,1.0,2.0,1.0,4.0,1.0,1.0,1.0,1.0,1.0,2.0,0.0,2.0,2.0,1.0,2.0,0.0,0.0,2.0,1.0,2.0,1.0,0.0,0.0,2.0,1.0,,423236.0,41936.0,67.59,67.59,72.62,72.62,69.64,69.64,64.58,64.58,100.0,100.0
20200926,NAT_TOTAL,1.0,1.0,2.0,1.0,2.0,1.0,4.0,1.0,1.0,1.0,1.0,1.0,2.0,0.0,2.0,2.0,1.0,2.0,0.0,0.0,2.0,1.0,2.0,1.0,0.0,0.0,2.0,1.0,,429277.0,41971.0,67.59,67.59,72.62,72.62,69.64,69.64,64.58,64.58,100.0,100.0
20200927,NAT_TOTAL,1.0,1.0,2.0,1.0,2.0,1.0,4.0,1.0,1.0,1.0,1.0,1.0,2.0,0.0,2.0,2.0,1.0,2.0,0.0,0.0,2.0,1.0,2.0,1.0,0.0,0.0,2.0,1.0,,434969.0,41988.0,67.59,67.59,72.62,72.62,69.64,69.64,64.58,64.58,100.0,100.0
20200928,NAT_TOTAL,1.0,1.0,2.0,1.0,2.0,1.0,4.0,1.0,1.0,1.0,1.0,1.0,2.0,0.0,2.0,2.0,1.0,2.0,0.0,0.0,2.0,1.0,2.0,1.0,0.0,0.0,2.0,1.0,,439013.0,42001.0,67.59,67.59,72.62,72.62,69.64,69.64,64.58,64.58,100.0,100.0
20200929,NAT_TOTAL,1.0,1.0,2.0,1.0,2.0,1.0,4.0,1.0,1.0,1.0,1.0,1.0,2.0,0.0,2.0,2.0,1.0,2.0,0.0,0.0,2.0,1.0,2.0,1.0,0.0,0.0,2.0,1.0,,446156.0,42072.0,67.59,67.59,72.62,72.62,69.64,69.64,64.58,64.58,100.0,100.0
20200930,NAT_TOTAL,1.0,1.0,2.0,1.0,2.0,1.0,4.0,1.0,1.0,1.0,1.0,1.0,2.0,0.0,2.0,2.0,1.0,2.0,0.0,0.0,2.0,1.0,2.0,1.0,0.0,0.0,2.0,1.0,,453264.0,42143.0,67.59,67.59,72.62,72.62,69.64,69.64,64.58,64.58,100.0,100.0
20201001,NAT_TOTAL,1.0,1.0,2.0,1.0,2.0,1.0,4.0,1.0,1.0,1.0,1.0,1.0,2.0,0.0,2.0,2.0,1.0,2.0,0.0,0.0,2.0,1.0,2.0,1.0,0.0,0.0,2.0,1.0,,460178.0,42202.0,67.59,67.59,72.62,72.62,69.64,69.64,64.58,64.58,100.0,100.0
20201002,NAT_TOTAL,1.0,1.0,2.0,1.0,2.0,1.0,4.0,1.0,1.0,1.0,1.0,1.0,2.0,0.0,2.0,2.0,1.0,2.0,0.0,0.0,2.0,1.0,2.0,1.0,0.0,0.0,2.0,1.0,,467146.0,42268.0,67.59,67.59,72.62,72.62,69.64,69.64,64.58,64.58,100.0,100.0
20201003,NAT_TOTAL,1.0,1.0,2.0,1.0,2.0,1.0,4.0,1.0,1.0,1.0,1.0,1.0,2.0,0.0,2.0,2.0,1.0,2.0,0.0,0.0,2.0,1.0,2.0,1.0,0.0,0.0,2.0,1.0,,480017.0,42317.0,67.59,67.59,72.62,72.62,69.64,69.64,64.58,64.58,100.0,100.0
20201004,NAT_TOTAL,1.0,1.0,2.0,1.0,2.0,1.0,4.0,1.0,1.0,1.0,1.0,1.0,2.0,0.0,2.0,2.0,1.0,2.0,0.0,0.0,2.0,1.0,2.0,1.0,0.0,0.0,2.0,1.0,,502978.0,42350.0,67.59,67.59,72.62,72.62,69.64,69.64,64.58,64.58,100.0,100.0
20201005,NAT_TOTAL,1.0,1.0,2.0,1.0,2.0,1.0,4.0,1.0,1.0,1.0,1.0,1.0,2.0,0.0,2.0,2.0,1.0,2.0,0.0,0.0,2.0,1.0,2.0,1.0,0.0,0.0,2.0,1.0,,515571.0,42369.0,67.59,67.59,72.62,72.62,69.64,69.64,64.58,64.58,100.0,100.0
20201006,NAT_TOTAL,1.0,1.0,2.0,1.0,2.0,1.0,4.0,1.0,1.0,1.0,1.0,1.0,2.0,0.0,2.0,2.0,1.0,2.0,0.0,0.0,2.0,1.0,2.0,1.0,0.0,0.0,2.0,1.0,,530113.0,42445.0,67.59,67.59,72.62,72.62,69.64,69.64,64.58,64.58,100.0,100.0
20201007,NAT_TOTAL,1.0,1.0,2.0,1.0,2.0,1.0,4.0,1.0,1.0,1.0,1.0,1.0,2.0,0.0,2.0,2.0,1.0,2.0,0.0,0.0,2.0,1.0,2.0,1.0,0.0,0.0,2.0,1.0,,544275.0,42515.0,67.59,67.59,72.62,72.62,69.64,69.64,64.58,64.58,100.0,100.0
20201008,NAT_TOTAL,1.0,1.0,2.0,1.0,2.0,1.0,4.0,1.0,1.0,1.0,1.0,1.0,2.0,0.0,2.0,2.0,1.0,2.0,0.0,0.0,2.0,1.0,2.0,1.0,0.0,0.0,2.0,1.0,,561815.0,42592.0,67.59,67.59,72.62,72.62,69.64,69.64,64.58,64.58,100.0,100.0
20201009,NAT_TOTAL,1.0,1.0,2.0,1.0,2.0,1.0,4.0,1.0,1.0,1.0,1.0,1.0,2.0,0.0,2.0,2.0,1.0,2.0,0.0,0.0,2.0,1.0,2.0,1.0,0.0,0.0,2.0,1.0,,575679.0,42679.0,67.59,67.59,72.62,72.62,69.64,69.64,64.58,64.58,100.0,100.0
20201010,NAT_TOTAL,1.0,1.0,2.0,1.0,2.0,1.0,4.0,1.0,1.0,1.0,1.0,1.0,2.0,0.0,2.0,2.0,1.0,2.0,0.0,0.0,2.0,1.0,2.0,1.0,0.0,0.0,2.0,1.0,,590844.0,42760.0,67.59,67.59,72.62,72.62,69.64,69.64,64.58,64.58,100.0,100.0
20201011,NAT_TOTAL,1.0,1.0,2.0,1.0,2.0,1.0,4.0,1.0,1.0,1.0,1.0,1.0,2.0,0.0,2.0,2.0,1.0,2.0,0.0,0.0,2.0,1.0,2.0,1.0,0.0,0.0,2.0,1.0,,603716.0,42825.0,67.59,67.59,72.62,72.62,69.64,69.64,64.58,64.58,100.0,100.0
20201012,NAT_TOTAL,1.0,1.0,2.0,1.0,2.0,1.0,4.0,1.0,1.0,1.0,1.0,0.0,1.0,0.0,2.0,2.0,1.0,2.0,0.0,0.0,2.0,1.0,2.0,1.0,0.0,0.0,2.0,1.0,,617688.0,42875.0,60.19,60.19,67.86,67.86,64.88,64.88,59.03,59.03,100.0,100.0
20201013,NAT_TOTAL,1.0,1.0,2.0,1.0,2.0,1.0,4.0,1.0,1.0,1.0,1.0,0.0,1.0,0.0,2.0,2.0,1.0,2.0,0.0,3214960.0,2.0,1.0,2.0,1.0,0.0,0.0,2.0,1.0,,634920.0,43018.0,60.19,60.19,67.86,67.86,64.88,64.88,59.03,59.03,100.0,100.0
20201014,NAT_TOTAL,1.0,1.0,2.0,1.0,2.0,1.0,4.0,1.0,1.0,1.0,1.0,0.0,1.0,0.0,2.0,2.0,1.0,2.0,0.0,0.0,2.0,1.0,2.0,1.0,0.0,0.0,2.0,1.0,,654644.0,43155.0,60.19,60.19,67.86,67.86,64.88,64.88,59.03,59.03,100.0,100.0
20201015,NAT_TOTAL,1.0,1.0,2.0,1.0,2.0,1.0,4.0,1.0,1.0,1.0,1.0,0.0,1.0,0.0,2.0,2.0,1.0,2.0,0.0,0.0,2.0,1.0,2.0,1.0,0.0,0.0,2.0,1.0,,673622.0,43293.0,60.19,60.19,67.86,67.86,64.88,64.88,59.03,59.03,100.0,100.0
20201016,NAT_TOTAL,1.0,1.0,2.0,1.0,2.0,1.0,4.0,1.0,1.0,1.0,1.0,0.0,1.0,0.0,2.0,2.0,1.0,2.0,60203550000.0,0.0,2.0,1.0,2.0,1.0,0.0,0.0,2.0,1.0,,689257.0,43429.0,60.19,60.19,67.86,67.86,64.88,64.88,59.03,59.03,100.0,100.0
20201017,NAT_TOTAL,1.0,1.0,2.0,1.0,2.0,1.0,4.0,1.0,1.0,1.0,1.0,0.0,1.0,0.0,2.0,2.0,1.0,2.0,0.0,0.0,2.0,1.0,2.0,1.0,0.0,0.0,2.0,1.0,,705428.0,43579.0,60.19,60.19,67.86,67.86,64.88,64.88,59.03,59.03,100.0,100.0
20201018,NAT_TOTAL,1.0,1.0,2.0,1.0,2.0,1.0,4.0,1.0,1.0,1.0,1.0,0.0,1.0,0.0,2.0,2.0,1.0,2.0,0.0,0.0,2.0,1.0,2.0,1.0,0.0,0.0,2.0,1.0,,722409.0,43646.0,60.19,60.19,67.86,67.86,64.88,64.88,59.03,59.03,100.0,100.0
20201019,NAT_TOTAL,3.0,0.0,2.0,1.0,2.0,1.0,4.0,1.0,1.0,1.0,1.0,0.0,1.0,0.0,2.0,2.0,1.0,2.0,0.0,0.0,2.0,1.0,2.0,1.0,0.0,0.0,2.0,1.0,,741212.0,43726.0,65.74,65.74,71.43,71.43,68.45,68.45,63.19,63.19,100.0,100.0
20201020,NAT_TOTAL,3.0,0.0,2.0,1.0,2.0,1.0,4.0,1.0,1.0,1.0,1.0,0.0,1.0,0.0,2.0,2.0,1.0,2.0,0.0,0.0,2.0,1.0,2.0,1.0,68950000.0,0.0,2.0,1.0,,762542.0,43967.0,65.74,65.74,71.43,71.43,68.45,68.45,63.19,63.19,100.0,100.0
20201021,NAT_TOTAL,3.0,0.0,2.0,1.0,2.0,1.0,4.0,1.0,1.0,1.0,1.0,0.0,1.0,0.0,2.0,2.0,1.0,2.0,0.0,0.0,2.0,1.0,2.0,1.0,0.0,0.0,2.0,1.0,,789229.0,44158.0,65.74,65.74,71.43,71.43,68.45,68.45,63.19,63.19,100.0,100.0
20201022,NAT_TOTAL,3.0,0.0,2.0,1.0,2.0,1.0,4.0,1.0,1.0,1.0,1.0,1.0,1.0,0.0,2.0,2.0,1.0,2.0,5305826400.0,0.0,2.0,1.0,2.0,1.0,0.0,0.0,2.0,1.0,,810467.0,44347.0,67.59,67.59,73.81,73.81,69.64,69.64,64.58,64.58,100.0,100.0
20201023,NAT_TOTAL,3.0,0.0,2.0,1.0,2.0,1.0,4.0,1.0,1.0,1.0,2.0,0.0,2.0,0.0,2.0,2.0,1.0,2.0,0.0,0.0,2.0,1.0,2.0,1.0,0.0,0.0,2.0,1.0,,830998.0,44571.0,75.0,75.0,76.19,76.19,74.4,74.4,70.14,70.14,100.0,100.0
20201024,NAT_TOTAL,3.0,0.0,2.0,1.0,2.0,1.0,4.0,1.0,1.0,1.0,2.0,0.0,2.0,0.0,2.0,2.0,1.0,2.0,0.0,0.0,2.0,1.0,2.0,1.0,0.0,0.0,2.0,1.0,,854010.0,44745.0,75.0,75.0,76.19,76.19,74.4,74.4,70.14,70.14,100.0,100.0
20201025,NAT_TOTAL,3.0,0.0,2.0,1.0,2.0,1.0,4.0,1.0,1.0,1.0,2.0,0.0,2.0,0.0,2.0,2.0,1.0,2.0,0.0,0.0,2.0,1.0,2.0,1.0,0.0,0.0,2.0,1.0,,873800.0,44896.0,75.0,75.0,76.19,76.19,74.4,74.4,70.14,70.14,100.0,100.0
20201026,NAT_TOTAL,3.0,0.0,2.0,1.0,2.0,1.0,4.0,1.0,1.0,1.0,2.0,0.0,2.0,0.0,2.0,2.0,1.0,2.0,0.0,0.0,2.0,1.0,2.0,1.0,0.0,0.0,2.0,1.0,,894690.0,44998.0,75.0,75.0,76.19,76.19,74.4,74.4,70.14,70.14,100.0,100.0
20201027,NAT_TOTAL,3.0,0.0,2.0,1.0,2.0,1.0,4.0,1.0,1.0,1.0,2.0,0.0,2.0,0.0,2.0,2.0,1.0,2.0,0.0,0.0,2.0,1.0,2.0,1.0,0.0,0.0,2.0,1.0,,917575.0,45365.0,75.0,75.0,76.19,76.19,74.4,74.4,70.14,70.14,100.0,100.0
20201028,NAT_TOTAL,3.0,0.0,2.0,1.0,2.0,1.0,4.0,1.0,1.0,1.0,2.0,0.0,2.0,0.0,2.0,2.0,1.0,2.0,0.0,0.0,2.0,1.0,2.0,1.0,0.0,0.0,2.0,1.0,,942275.0,45675.0,75.0,75.0,76.19,76.19,74.4,74.4,70.14,70.14,100.0,100.0
20201029,NAT_TOTAL,3.0,0.0,2.0,1.0,2.0,1.0,4.0,1.0,1.0,1.0,2.0,0.0,2.0,0.0,2.0,2.0,1.0,2.0,0.0,322141.3,2.0,1.0,2.0,1.0,0.0,0.0,2.0,1.0,,965340.0,45955.0,75.0,75.0,76.19,76.19,74.4,74.4,70.14,70.14,100.0,100.0
20201030,NAT_TOTAL,3.0,0.0,2.0,1.0,2.0,1.0,4.0,1.0,1.0,1.0,2.0,0.0,2.0,0.0,2.0,2.0,1.0,2.0,0.0,0.0,2.0,1.0,2.0,1.0,0.0,0.0,2.0,1.0,,989745.0,46229.0,75.0,75.0,76.19,76.19,74.4,74.4,70.14,70.14,100.0,100.0
20201031,NAT_TOTAL,3.0,0.0,2.0,1.0,2.0,1.0,4.0,1.0,1.0,1.0,2.0,0.0,2.0,0.0,2.0,2.0,1.0,2.0,3885.19,0.0,2.0,1.0,2.0,1.0,0.0,0.0,2.0,1.0,,1011660.0,46555.0,75.0,75.0,76.19,76.19,74.4,74.4,70.14,70.14,100.0,100.0
20201101,NAT_TOTAL,3.0,0.0,2.0,1.0,2.0,1.0,4.0,1.0,1.0,1.0,2.0,0.0,2.0,0.0,2.0,2.0,1.0,2.0,0.0,0.0,2.0,1.0,2.0,1.0,0.0,0.0,2.0,1.0,,1034914.0,46717.0,75.0,75.0,76.19,76.19,74.4,74.4,70.14,70.14,100.0,100.0
20201102,NAT_TOTAL,3.0,0.0,2.0,1.0,2.0,1.0,4.0,1.0,1.0,1.0,2.0,0.0,2.0,0.0,2.0,2.0,1.0,2.0,0.0,0.0,2.0,1.0,2.0,1.0,0.0,0.0,2.0,1.0,,1053864.0,46853.0,75.0,75.0,76.19,76.19,74.4,74.4,70.14,70.14,100.0,100.0
20201103,NAT_TOTAL,3.0,0.0,2.0,1.0,2.0,1.0,4.0,1.0,1.0,1.0,2.0,0.0,2.0,0.0,2.0,2.0,1.0,2.0,0.0,0.0,2.0,1.0,2.0,1.0,0.0,0.0,2.0,1.0,,1073882.0,47250.0,75.0,75.0,76.19,76.19,74.4,74.4,70.14,70.14,100.0,100.0
20201104,NAT_TOTAL,3.0,0.0,2.0,1.0,2.0,1.0,4.0,1.0,1.0,1.0,2.0,0.0,2.0,0.0,2.0,2.0,1.0,2.0,0.0,0.0,2.0,1.0,2.0,1.0,0.0,0.0,2.0,1.0,,1099059.0,47742.0,75.0,75.0,76.19,76.19,74.4,74.4,70.14,70.14,100.0,100.0
20201105,NAT_TOTAL,3.0,0.0,2.0,1.0,2.0,1.0,4.0,1.0,1.0,1.0,2.0,0.0,2.0,0.0,2.0,2.0,1.0,2.0,0.0,0.0,2.0,1.0,2.0,1.0,0.0,0.0,2.0,1.0,,1123197.0,48120.0,75.0,75.0,76.19,76.19,74.4,74.4,70.14,70.14,100.0,100.0
20201106,NAT_TOTAL,3.0,0.0,3.0,0.0,2.0,1.0,4.0,1.0,1.0,1.0,1.0,1.0,1.0,1.0,3.0,2.0,1.0,2.0,0.0,0.0,2.0,1.0,2.0,1.0,0.0,0.0,2.0,1.0,,1146484.0,48475.0,75.0,75.0,79.76,79.76,74.4,74.4,70.14,70.14,100.0,100.0
20201107,NAT_TOTAL,3.0,0.0,3.0,0.0,2.0,1.0,4.0,1.0,1.0,1.0,1.0,1.0,1.0,1.0,3.0,2.0,1.0,2.0,0.0,0.0,2.0,1.0,2.0,1.0,0.0,0.0,2.0,1.0,,1171441.0,48888.0,75.0,75.0,79.76,79.76,74.4,74.4,70.14,70.14,100.0,100.0
20201108,NAT_TOTAL,3.0,0.0,3.0,0.0,2.0,1.0,4.0,1.0,1.0,1.0,1.0,1.0,1.0,1.0,3.0,2.0,1.0,2.0,0.0,0.0,2.0,1.0,2.0,1.0,0.0,0.0,2.0,1.0,,1192013.0,49044.0,75.0,75.0,79.76,79.76,74.4,74.4,70.14,70.14,100.0,100.0
20201109,NAT_TOTAL,3.0,0.0,3.0,0.0,2.0,1.0,4.0,1.0,1.0,1.0,1.0,1.0,1.0,1.0,3.0,2.0,1.0,2.0,170000000.0,0.0,2.0,1.0,2.0,1.0,0.0,0.0,2.0,1.0,,1213363.0,49238.0,75.0,75.0,79.76,79.76,74.4,74.4,70.14,70.14,100.0,100.0
20201110,NAT_TOTAL,0.0,0.0,2.0,1.0,2.0,1.0,4.0,1.0,1.0,1.0,1.0,1.0,1.0,1.0,3.0,2.0,1.0,2.0,0.0,0.0,2.0,1.0,2.0,1.0,0.0,0.0,2.0,1.0,,1233775.0,49770.0,63.89,63.89,69.05,69.05,67.26,67.26,61.81,61.81,100.0,100.0
20201111,NAT_TOTAL,0.0,0.0,2.0,1.0,2.0,1.0,4.0,1.0,1.0,1.0,1.0,1.0,1.0,1.0,3.0,2.0,1.0,2.0,0.0,0.0,2.0,1.0,2.0,1.0,0.0,0.0,2.0,1.0,,1256725.0,50365.0,63.89,63.89,69.05,69.05,67.26,67.26,61.81,61.81,100.0,100.0
20201112,NAT_TOTAL,0.0,0.0,2.0,1.0,2.0,1.0,4.0,1.0,1.0,1.0,1.0,1.0,1.0,1.0,3.0,2.0,1.0,2.0,0.0,0.0,2.0,1.0,2.0,1.0,0.0,0.0,2.0,1.0,,1290195.0,50928.0,63.89,63.89,69.05,69.05,67.26,67.26,61.81,61.81,100.0,100.0
20201113,NAT_TOTAL,0.0,0.0,2.0,1.0,2.0,1.0,4.0,1.0,1.0,1.0,1.0,1.0,1.0,1.0,3.0,2.0,1.0,2.0,0.0,0.0,2.0,1.0,2.0,1.0,0.0,0.0,2.0,1.0,,1317496.0,51304.0,63.89,63.89,69.05,69.05,67.26,67.26,61.81,61.81,100.0,100.0
20201114,NAT_TOTAL,0.0,0.0,2.0,1.0,2.0,1.0,4.0,1.0,1.0,1.0,1.0,1.0,1.0,1.0,3.0,2.0,1.0,2.0,0.0,0.0,2.0,1.0,2.0,1.0,0.0,0.0,2.0,1.0,,1344356.0,51766.0,63.89,63.89,69.05,69.05,67.26,67.26,61.81,61.81,100.0,100.0
20201115,NAT_TOTAL,0.0,0.0,2.0,1.0,2.0,1.0,4.0,1.0,1.0,1.0,1.0,1.0,1.0,1.0,3.0,2.0,1.0,2.0,0.0,0.0,2.0,1.0,2.0,1.0,0.0,0.0,2.0,1.0,,1369318.0,51934.0,63.89,63.89,69.05,69.05,67.26,67.26,61.81,61.81,100.0,100.0
20201116,NAT_TOTAL,0.0,0.0,2.0,1.0,2.0,1.0,4.0,1.0,1.0,1.0,1.0,1.0,1.0,1.0,3.0,2.0,1.0,2.0,0.0,0.0,2.0,1.0,2.0,1.0,0.0,0.0,2.0,1.0,,1390681.0,52147.0,63.89,63.89,69.05,69.05,67.26,67.26,61.81,61.81,100.0,100.0
20201117,NAT_TOTAL,0.0,0.0,2.0,1.0,2.0,1.0,4.0,1.0,1.0,1.0,1.0,1.0,1.0,1.0,3.0,2.0,1.0,2.0,0.0,0.0,2.0,1.0,2.0,1.0,0.0,0.0,2.0,1.0,,1410732.0,52745.0,63.89,63.89,69.05,69.05,67.26,67.26,61.81,61.81,100.0,100.0
20201118,NAT_TOTAL,0.0,0.0,2.0,1.0,2.0,1.0,4.0,1.0,1.0,1.0,1.0,1.0,1.0,1.0,3.0,2.0,1.0,2.0,0.0,0.0,2.0,1.0,2.0,1.0,0.0,0.0,2.0,1.0,,1430341.0,53274.0,63.89,63.89,69.05,69.05,67.26,67.26,61.81,61.81,100.0,100.0
20201119,NAT_TOTAL,0.0,0.0,2.0,1.0,2.0,1.0,4.0,1.0,1.0,1.0,1.0,1.0,1.0,1.0,3.0,2.0,1.0,2.0,0.0,0.0,2.0,1.0,2.0,1.0,0.0,0.0,2.0,1.0,,1453256.0,53775.0,63.89,63.89,69.05,69.05,67.26,67.26,61.81,61.81,100.0,100.0
20201120,NAT_TOTAL,0.0,0.0,2.0,1.0,2.0,1.0,4.0,1.0,1.0,1.0,1.0,1.0,1.0,1.0,3.0,2.0,1.0,2.0,0.0,0.0,2.0,1.0,2.0,1.0,0.0,0.0,2.0,1.0,,1473508.0,54286.0,63.89,63.89,69.05,69.05,67.26,67.26,61.81,61.81,100.0,100.0
20201121,NAT_TOTAL,0.0,0.0,2.0,1.0,2.0,1.0,4.0,1.0,1.0,1.0,1.0,1.0,1.0,1.0,3.0,2.0,1.0,2.0,0.0,0.0,2.0,1.0,2.0,1.0,0.0,0.0,2.0,1.0,,1493383.0,54626.0,63.89,63.89,69.05,69.05,67.26,67.26,61.81,61.81,100.0,100.0
20201122,NAT_TOTAL,0.0,0.0,2.0,1.0,2.0,1.0,4.0,1.0,1.0,1.0,1.0,1.0,1.0,1.0,3.0,2.0,1.0,2.0,0.0,0.0,2.0,1.0,2.0,1.0,0.0,0.0,2.0,1.0,,1512045.0,55024.0,63.89,63.89,69.05,69.05,67.26,67.26,61.81,61.81,100.0,100.0
20201123,NAT_TOTAL,0.0,0.0,2.0,1.0,2.0,1.0,4.0,1.0,1.0,1.0,1.0,1.0,1.0,1.0,3.0,2.0,1.0,2.0,0.0,0.0,2.0,1.0,2.0,1.0,0.0,0.0,2.0,1.0,,1527495.0,55230.0,63.89,63.89,69.05,69.05,67.26,67.26,61.81,61.81,100.0,100.0
20201124,NAT_TOTAL,0.0,0.0,2.0,1.0,2.0,1.0,4.0,1.0,1.0,1.0,1.0,1.0,1.0,1.0,3.0,2.0,1.0,2.0,0.0,0.0,2.0,1.0,2.0,1.0,0.0,0.0,2.0,1.0,,1538794.0,55838.0,63.89,63.89,69.05,69.05,67.26,67.26,61.81,61.81,100.0,100.0
20201125,NAT_TOTAL,0.0,0.0,2.0,1.0,2.0,1.0,4.0,1.0,1.0,1.0,1.0,1.0,1.0,1.0,3.0,2.0,1.0,2.0,0.0,0.0,2.0,1.0,2.0,1.0,0.0,0.0,2.0,1.0,,1557007.0,56533.0,63.89,63.89,69.05,69.05,67.26,67.26,61.81,61.81,100.0,100.0
20201126,NAT_TOTAL,0.0,0.0,2.0,1.0,2.0,1.0,4.0,1.0,1.0,1.0,1.0,1.0,1.0,1.0,3.0,2.0,1.0,2.0,0.0,0.0,2.0,1.0,2.0,1.0,0.0,0.0,2.0,1.0,,1574562.0,57031.0,63.89,63.89,69.05,69.05,67.26,67.26,61.81,61.81,100.0,100.0
20201127,NAT_TOTAL,0.0,0.0,2.0,1.0,2.0,1.0,4.0,1.0,1.0,1.0,1.0,1.0,1.0,1.0,3.0,2.0,1.0,2.0,1330000000.0,0.0,2.0,1.0,2.0,1.0,0.0,0.0,2.0,1.0,,1589301.0,57551.0,63.89,63.89,69.05,69.05,67.26,67.26,61.81,61.81,100.0,100.0
20201128,NAT_TOTAL,0.0,0.0,2.0,1.0,2.0,1.0,4.0,1.0,1.0,1.0,1.0,1.0,1.0,1.0,3.0,2.0,1.0,2.0,0.0,0.0,2.0,1.0,2.0,1.0,0.0,0.0,2.0,1.0,,1605172.0,58030.0,63.89,63.89,69.05,69.05,67.26,67.26,61.81,61.81,100.0,100.0
20201129,NAT_TOTAL,0.0,0.0,2.0,1.0,2.0,1.0,4.0,1.0,1.0,1.0,1.0,1.0,1.0,1.0,3.0,2.0,1.0,2.0,0.0,0.0,2.0,1.0,2.0,1.0,0.0,0.0,2.0,1.0,,1617327.0,58245.0,63.89,63.89,69.05,69.05,67.26,67.26,61.81,61.81,100.0,100.0
20201130,NAT_TOTAL,0.0,0.0,2.0,1.0,2.0,1.0,4.0,1.0,1.0,1.0,1.0,1.0,1.0,1.0,3.0,2.0,1.0,2.0,0.0,0.0,2.0,1.0,2.0,1.0,0.0,0.0,2.0,1.0,,1629657.0,58448.0,63.89,63.89,69.05,69.05,67.26,67.26,61.81,61.81,100.0,100.0
20201201,NAT_TOTAL,0.0,0.0,2.0,1.0,2.0,1.0,4.0,1.0,1.0,1.0,1.0,1.0,1.0,1.0,3.0,2.0,1.0,2.0,0.0,0.0,2.0,1.0,2.0,1.0,0.0,0.0,2.0,1.0,,1643086.0,59051.0,63.89,63.89,69.05,69.05,67.26,67.26,61.81,61.81,100.0,100.0
20201202,NAT_TOTAL,0.0,0.0,2.0,1.0,2.0,1.0,4.0,1.0,1.0,1.0,1.0,1.0,1.0,1.0,3.0,2.0,1.0,2.0,0.0,0.0,2.0,1.0,2.0,1.0,0.0,0.0,2.0,1.0,,1659256.0,59699.0,63.89,63.89,69.05,69.05,67.26,67.26,61.81,61.81,100.0,100.0
20201203,NAT_TOTAL,0.0,0.0,2.0,0.0,2.0,1.0,4.0,0.0,1.0,1.0,0.0,1.0,1.0,1.0,2.0,2.0,1.0,2.0,0.0,0.0,2.0,1.0,2.0,1.0,0.0,0.0,2.0,1.0,,1674134.0,60113.0,54.17,54.17,61.9,61.9,61.01,61.01,54.51,54.51,100.0,100.0
20201204,NAT_TOTAL,0.0,0.0,2.0,0.0,2.0,1.0,4.0,0.0,1.0,1.0,0.0,1.0,1.0,1.0,2.0,2.0,1.0,2.0,0.0,0.0,2.0,1.0,2.0,1.0,0.0,0.0,2.0,1.0,,1690432.0,60617.0,54.17,54.17,61.9,61.9,61.01,61.01,54.51,54.51,100.0,100.0
20201205,NAT_TOTAL,0.0,0.0,2.0,0.0,2.0,1.0,4.0,0.0,1.0,1.0,0.0,1.0,1.0,1.0,2.0,2.0,1.0,2.0,0.0,0.0,2.0,1.0,2.0,1.0,0.0,0.0,2.0,1.0,,1705971.0,61014.0,54.17,54.17,61.9,61.9,61.01,61.01,54.51,54.51,100.0,100.0
20201206,NAT_TOTAL,0.0,0.0,2.0,0.0,2.0,1.0,4.0,0.0,1.0,1.0,0.0,1.0,1.0,1.0,2.0,2.0,1.0,2.0,0.0,0.0,2.0,1.0,2.0,1.0,0.0,0.0,2.0,1.0,,1723242.0,61245.0,54.17,54.17,61.9,61.9,61.01,61.01,54.51,54.51,100.0,100.0
20201207,NAT_TOTAL,0.0,0.0,2.0,0.0,2.0,1.0,4.0,0.0,1.0,1.0,0.0,1.0,1.0,1.0,2.0,2.0,1.0,2.0,5340000.0,0.0,2.0,1.0,2.0,1.0,0.0,0.0,2.0,1.0,,1737960.0,61434.0,54.17,54.17,61.9,61.9,61.01,61.01,54.51,54.51,100.0,100.0
20201208,NAT_TOTAL,0.0,0.0,2.0,0.0,2.0,1.0,4.0,0.0,1.0,1.0,0.0,1.0,1.0,1.0,2.0,2.0,1.0,2.0,5340000.0,0.0,2.0,1.0,2.0,1.0,0.0,0.0,2.0,1.0,,1737960.0,61434.0,54.17,54.17,61.9,61.9,61.01,61.01,54.51,54.51,100.0,100.0
